opp_id,account_id,rep_id,product,lead_source,stage,amount,created_date,close_date,last_activity_date,days_since_activity,open_age_days,sales_cycle_days,deal_age_days,is_closed,is_won,is_stale,amount_missing_flag,expected_win_probability
O00001,A0110,R015,Platform License,ZoomInfo List,Closed Lost,20700.0,2026-01-12,2026-06-13,2026-06-11,82,232,152.0,152.0,True,False,False,False,0.49
O00002,A0133,R005,Platform License,LinkedIn Sales Nav,Proposal,16100.0,2026-04-27,,2026-05-10,114,127,,127.0,False,False,True,False,0.5
O00003,A0081,R013,Platform License,,Proposal,14700.0,2026-01-04,,2026-01-24,220,240,,240.0,False,False,True,False,0.49
O00004,A0081,R007,Data Module,,Prospecting,17700.0,2025-10-26,,2026-08-23,9,310,,310.0,False,False,False,False,0.45
O00005,A0035,R008,Platform License,ZoomInfo List,Qualification,108100.0,2026-04-15,,2026-08-15,17,139,,139.0,False,False,False,False,0.54
O00006,A0027,R015,Data Module,,Closed Lost,34900.0,2026-05-22,2026-06-09,2026-06-04,89,102,18.0,18.0,True,False,False,False,0.4
O00007,A0061,R016,Data Module,ZoomInfo List,Proposal,8500.0,2025-08-25,,2026-08-12,20,372,,372.0,False,False,False,False,0.5
O00008,A0072,R004,Support Add-on,ZoomInfo List,Closed Lost,3400.0,2026-04-28,2026-08-30,2026-08-25,7,126,124.0,124.0,True,False,False,False,0.38
O00009,A0067,R017,Platform License,LinkedIn Sales Nav,Closed Lost,24400.0,2025-12-25,2026-01-21,2026-01-17,227,250,27.0,27.0,True,False,False,False,0.54
O00010,A0103,R016,Professional Services,LinkedIn Sales Nav,Closed Lost,34500.0,2026-04-02,2026-05-19,2026-05-18,106,152,47.0,47.0,True,False,False,False,0.57
O00011,A0047,R013,Platform License,,Qualification,19300.0,2026-08-05,,2026-09-01,0,27,,27.0,False,False,False,False,0.49
O00012,A0121,R005,Professional Services,,Proposal,10800.0,2025-06-26,,2026-08-21,11,432,,432.0,False,False,False,False,0.38
O00013,A0014,R009,Data Module,Referral,Closed Won,3500.0,2026-01-17,2026-05-24,2026-05-19,105,227,127.0,127.0,True,True,False,False,0.56
O00014,A0132,R014,Data Module,Inbound Web,Closed Won,5200.0,2025-06-21,2025-07-19,2025-07-19,409,437,28.0,28.0,True,True,False,False,0.52
O00015,A0057,R018,Platform License,ZoomInfo List,Proposal,28000.0,2025-11-23,,2025-12-13,262,282,,282.0,False,False,True,False,0.54
O00016,A0138,R013,Data Module,Outreach Sequence,Closed Lost,7100.0,2026-05-06,2026-08-28,2026-08-27,5,118,114.0,114.0,True,False,False,False,0.47
O00017,A0118,R011,Data Module,Inbound Web,Qualification,14800.0,2026-05-26,,2026-08-28,4,98,,98.0,False,False,False,False,0.61
O00018,A0081,R018,Platform License,Outreach Sequence,Prospecting,22700.0,2026-06-05,,2026-08-15,17,88,,88.0,False,False,False,False,0.51
O00019,A0053,R003,Platform License,Inbound Web,Closed Lost,20500.0,2025-09-03,2025-09-26,2025-09-24,342,363,23.0,23.0,True,False,False,False,0.65
O00020,A0083,R006,Platform License,Referral,Proposal,13900.0,2025-03-30,,2026-08-21,11,520,,520.0,False,False,False,False,0.69
O00021,A0058,R016,Platform License,LinkedIn Sales Nav,Closed Lost,11300.0,2026-01-12,2026-06-26,2026-06-21,72,232,165.0,165.0,True,False,False,False,0.59
O00022,A0068,R013,Platform License,ZoomInfo List,Closed Won,14600.0,2025-11-25,2026-03-04,2026-03-04,181,280,99.0,99.0,True,True,False,False,0.54
O00023,A0120,R011,Data Module,Outreach Sequence,Closed Lost,9900.0,2026-04-08,2026-08-31,2026-08-30,2,146,145.0,145.0,True,False,False,False,0.47
O00024,A0021,R008,Support Add-on,ZoomInfo List,Qualification,4600.0,2025-08-18,,2026-08-31,1,379,,379.0,False,False,False,False,0.47
O00025,A0076,R012,Platform License,LinkedIn Sales Nav,Qualification,5800.0,2025-06-04,,2026-08-26,6,454,,454.0,False,False,False,False,0.5
O00026,A0115,R007,Support Add-on,Inbound Web,Proposal,4600.0,2026-05-10,,2026-08-23,9,114,,114.0,False,False,False,False,0.58
O00027,A0114,R006,Platform License,Outreach Sequence,Prospecting,15400.0,2026-02-03,,2026-08-23,9,210,,210.0,False,False,False,False,0.51
O00028,A0078,R003,Data Module,,Qualification,50100.0,2025-06-17,,2025-07-05,423,441,,441.0,False,False,True,False,0.45
O00029,A0136,R004,Platform License,Inbound Web,Qualification,10700.0,2026-07-19,,2026-08-14,18,44,,44.0,False,False,False,False,0.56
O00030,A0138,R002,Data Module,LinkedIn Sales Nav,Negotiation,9900.0,2026-05-06,,2026-08-13,19,118,,118.0,False,False,False,False,0.55
O00031,A0054,R009,Platform License,Inbound Web,Proposal,13500.0,2026-05-15,,2026-05-25,99,109,,109.0,False,False,True,False,0.56
O00032,A0048,R003,Support Add-on,ZoomInfo List,Prospecting,16200.0,2026-06-14,,2026-08-21,11,79,,79.0,False,False,False,False,0.47
O00033,A0138,R005,Professional Services,Outreach Sequence,Prospecting,11500.0,2026-04-04,,2026-08-12,20,150,,150.0,False,False,False,False,0.4
O00034,A0090,R009,Data Module,Referral,Closed Lost,16800.0,2025-05-29,2025-11-15,2025-11-13,292,460,170.0,170.0,True,False,False,False,0.56
O00035,A0096,R018,Data Module,Inbound Web,Closed Won,21600.0,2025-10-25,2026-03-13,2026-03-13,172,311,139.0,139.0,True,True,False,False,0.61
O00036,A0139,R015,Platform License,Outreach Sequence,Closed Won,60100.0,2025-08-19,2026-02-02,2026-01-29,215,378,167.0,167.0,True,True,False,False,0.46
O00037,A0124,R007,Platform License,Inbound Web,Qualification,31700.0,2026-02-20,,2026-08-18,14,193,,193.0,False,False,False,False,0.65
O00038,A0008,R009,Platform License,Referral,Proposal,22900.0,2026-03-08,,2026-08-13,19,177,,177.0,False,False,False,False,0.6
O00039,A0092,R009,Support Add-on,Inbound Web,Closed Lost,15600.0,2025-07-09,2025-12-27,2025-12-22,253,419,171.0,171.0,True,False,False,False,0.49
O00040,A0056,R009,Platform License,Referral,Proposal,18900.0,2025-08-01,,2026-08-13,19,396,,396.0,False,False,False,False,0.6
O00041,A0046,R005,Platform License,Referral,Closed Won,9100.0,2026-04-09,2026-05-22,2026-05-18,106,145,43.0,43.0,True,True,False,False,0.6
O00042,A0130,R002,Support Add-on,Referral,Qualification,45300.0,2025-08-11,,2026-08-09,23,386,,386.0,False,False,False,False,0.62
O00043,A0097,R008,Data Module,Referral,Qualification,24100.0,2025-08-26,,2025-09-11,355,371,,371.0,False,False,True,False,0.65
O00044,A0071,R003,Professional Services,Outreach Sequence,Closed Won,27700.0,2025-11-02,2026-04-30,2026-04-28,126,303,179.0,179.0,True,True,False,False,0.49
O00045,A0099,R006,Data Module,ZoomInfo List,Proposal,23900.0,2026-03-18,,2026-08-27,5,167,,167.0,False,False,False,False,0.5
O00046,A0064,R003,Data Module,LinkedIn Sales Nav,Closed Lost,4900.0,2025-12-31,2026-03-10,2026-03-06,179,244,69.0,69.0,True,False,False,False,0.55
O00047,A0010,R008,Professional Services,LinkedIn Sales Nav,Qualification,32100.0,2025-06-06,,2026-08-19,13,452,,452.0,False,False,False,False,0.57
O00048,A0113,R014,Professional Services,LinkedIn Sales Nav,Negotiation,6700.0,2026-07-09,,2026-08-10,22,54,,54.0,False,False,False,False,0.48
O00049,A0022,R004,Support Add-on,Outreach Sequence,Negotiation,22200.0,2026-03-20,,2026-08-30,2,165,,165.0,False,False,False,False,0.35
O00050,A0134,R013,Data Module,LinkedIn Sales Nav,Qualification,51500.0,2026-08-04,,2026-08-07,25,28,,28.0,False,False,False,False,0.55
O00051,A0102,R004,Support Add-on,Outreach Sequence,Closed Won,8100.0,2025-09-22,2026-01-30,2026-01-25,219,344,130.0,130.0,True,True,False,False,0.35
O00052,A0112,R012,Data Module,Referral,Closed Won,7400.0,2026-08-26,2026-08-27,2026-08-22,10,6,1.0,1.0,True,True,False,False,0.56
O00053,A0136,R009,Platform License,LinkedIn Sales Nav,Prospecting,1900.0,2025-12-31,,2026-08-13,19,244,,244.0,False,False,False,False,0.5
O00054,A0120,R002,Data Module,Referral,Proposal,13450.0,2026-08-15,,2026-08-29,3,17,,17.0,False,False,False,True,0.65
O00055,A0050,R007,Professional Services,Referral,Proposal,39600.0,2025-07-01,,2026-08-30,2,427,,427.0,False,False,False,False,0.67
O00056,A0036,R004,Data Module,Inbound Web,Negotiation,15800.0,2026-07-18,,2026-08-21,11,45,,45.0,False,False,False,False,0.52
O00057,A0081,R017,Professional Services,,Closed Lost,9200.0,2026-05-17,2026-06-30,2026-06-30,63,107,44.0,44.0,True,False,False,False,0.42
O00058,A0041,R014,Professional Services,,Closed Lost,22000.0,2025-05-13,2025-06-26,2025-06-26,432,476,44.0,44.0,True,False,False,False,0.38
O00059,A0075,R007,Platform License,LinkedIn Sales Nav,Prospecting,10700.0,2026-02-06,,2026-02-16,197,207,,207.0,False,False,True,False,0.59
O00060,A0035,R005,Support Add-on,Outreach Sequence,Negotiation,2100.0,2026-02-17,,2026-08-22,10,196,,196.0,False,False,False,False,0.35
O00061,A0096,R014,Data Module,Inbound Web,Closed Won,9900.0,2025-06-07,2025-10-22,2025-10-17,319,451,137.0,137.0,True,True,False,False,0.52
O00062,A0014,R003,Platform License,,Proposal,5800.0,2025-06-23,,2026-08-22,10,435,,435.0,False,False,False,False,0.49
O00063,A0014,R012,Support Add-on,LinkedIn Sales Nav,Qualification,4800.0,2025-06-01,,2026-08-18,14,457,,457.0,False,False,False,False,0.43
O00064,A0118,R004,Data Module,LinkedIn Sales Nav,Proposal,15900.0,2026-07-04,,2026-08-09,23,59,,59.0,False,False,False,False,0.46
O00065,A0044,R014,Professional Services,Referral,Prospecting,14700.0,2025-06-09,,2026-08-14,18,449,,449.0,False,False,False,True,0.58
O00066,A0004,R004,Data Module,LinkedIn Sales Nav,Prospecting,13900.0,2025-08-16,,2026-08-20,12,381,,381.0,False,False,False,False,0.46
O00067,A0019,R018,Professional Services,Outreach Sequence,Closed Lost,3200.0,2026-08-05,2026-08-31,2026-08-29,3,27,26.0,26.0,True,False,False,False,0.49
O00068,A0014,R006,Professional Services,Referral,Closed Lost,24200.0,2025-11-12,2025-12-23,2025-12-22,253,293,41.0,41.0,True,False,False,False,0.67
O00069,A0062,R018,Professional Services,,Closed Lost,18800.0,2025-06-02,2025-11-29,2025-11-27,278,456,180.0,180.0,True,False,False,False,0.47
O00070,A0101,R002,Support Add-on,ZoomInfo List,Closed Lost,7000.0,2026-03-06,2026-05-06,2026-05-05,119,179,61.0,61.0,True,False,False,False,0.47
O00071,A0110,R007,Platform License,LinkedIn Sales Nav,Negotiation,44500.0,2025-08-19,,2026-08-30,2,378,,378.0,False,False,False,False,0.59
O00072,A0033,R011,Data Module,Referral,Closed Lost,17700.0,2025-07-07,2025-08-18,2025-08-16,381,421,42.0,42.0,True,False,False,False,0.65
O00073,A0076,R012,Data Module,,Negotiation,14100.0,2025-03-20,,2026-08-27,5,530,,530.0,False,False,False,False,0.36
O00074,A0075,R015,Data Module,Referral,Closed Won,16500.0,2026-07-06,2026-08-27,2026-08-26,6,57,52.0,52.0,True,True,False,False,0.6
O00075,A0059,R008,Support Add-on,Referral,Closed Won,4900.0,2025-11-14,2025-12-26,2025-12-21,254,291,42.0,42.0,True,True,False,False,0.62
O00076,A0064,R014,Professional Services,Referral,Proposal,25200.0,2026-03-27,,2026-04-15,139,158,,158.0,False,False,True,False,0.58
O00077,A0033,R001,Platform License,Outreach Sequence,Proposal,33700.0,2025-12-03,,2026-09-01,0,272,,272.0,False,False,False,False,0.51
O00078,A0044,R003,Support Add-on,Inbound Web,Closed Lost,42900.0,2025-12-24,2026-04-29,2026-04-29,125,251,126.0,126.0,True,False,False,False,0.58
O00079,A0051,R005,Data Module,Inbound Web,Qualification,5900.0,2025-04-23,,2025-05-04,485,496,,496.0,False,False,True,False,0.52
O00080,A0054,R009,Data Module,ZoomInfo List,Prospecting,8800.0,2025-08-17,,2026-08-24,8,380,,380.0,False,False,False,False,0.41
O00081,A0110,R008,Platform License,Outreach Sequence,Closed Lost,9200.0,2025-11-07,2026-01-19,2026-01-18,226,298,73.0,73.0,True,False,False,False,0.51
O00082,A0107,R010,Professional Services,ZoomInfo List,Closed Lost,2900.0,2025-04-08,2025-08-23,2025-08-23,374,511,137.0,137.0,True,False,False,False,0.43
O00083,A0053,R018,Data Module,ZoomInfo List,Prospecting,16400.0,2026-01-23,,2026-08-12,20,221,,221.0,False,False,False,False,0.5
O00084,A0063,R018,Platform License,Outreach Sequence,Prospecting,7100.0,2025-06-16,,2026-08-21,11,442,,442.0,False,False,False,False,0.51
O00085,A0089,R011,Professional Services,LinkedIn Sales Nav,Qualification,14100.0,2025-11-09,,2025-11-29,276,296,,296.0,False,False,True,False,0.57
O00086,A0014,R005,Professional Services,Outreach Sequence,Negotiation,4000.0,2025-07-24,,2026-08-08,24,404,,404.0,False,False,False,False,0.4
O00087,A0038,R014,Platform License,Outreach Sequence,Qualification,56200.0,2026-07-23,,2026-08-28,4,40,,40.0,False,False,False,False,0.42
O00088,A0123,R014,Support Add-on,Referral,Negotiation,2700.0,2025-10-09,,2026-08-14,18,327,,327.0,False,False,False,False,0.53
O00089,A0045,R018,Support Add-on,Inbound Web,Proposal,6000.0,2026-08-14,,2026-08-07,25,18,,18.0,False,False,False,False,0.58
O00090,A0024,R013,Data Module,LinkedIn Sales Nav,Closed Lost,28300.0,2026-01-10,2026-06-03,2026-05-29,95,234,144.0,144.0,True,False,False,False,0.55
O00091,A0045,R009,Professional Services,,Negotiation,2700.0,2025-12-26,,2026-01-10,234,249,,249.0,False,False,True,False,0.38
O00092,A0118,R006,Data Module,,Proposal,14600.0,2026-02-04,,2026-08-09,23,209,,209.0,False,False,False,False,0.45
O00093,A0043,R004,Professional Services,Referral,Closed Won,14000.0,2025-10-03,2026-01-01,2025-12-31,244,333,90.0,90.0,True,True,False,False,0.58
O00094,A0045,R018,Support Add-on,,Prospecting,7700.0,2025-12-04,,2025-12-14,261,271,,271.0,False,False,True,False,0.42
O00095,A0080,R008,Support Add-on,,Closed Lost,29100.0,2026-01-31,2026-05-10,2026-05-06,118,213,99.0,99.0,True,False,False,False,0.42
O00096,A0038,R004,Support Add-on,Outreach Sequence,Closed Lost,2100.0,2025-08-08,2025-09-24,2025-09-22,344,389,47.0,47.0,True,False,False,False,0.35
O00097,A0043,R017,Support Add-on,Inbound Web,Closed Won,39300.0,2025-12-12,2026-05-14,2026-05-09,115,263,153.0,153.0,True,True,False,False,0.53
O00098,A0090,R002,Professional Services,ZoomInfo List,Qualification,24400.0,2026-07-11,,2026-07-15,48,52,,52.0,False,False,True,False,0.52
O00099,A0077,R011,Platform License,,Qualification,19800.0,2026-04-13,,2026-08-17,15,141,,141.0,False,False,False,False,0.49
O00100,A0045,R010,Support Add-on,LinkedIn Sales Nav,Negotiation,2900.0,2025-11-12,,2026-08-25,7,293,,293.0,False,False,False,False,0.43
O00101,A0038,R010,Professional Services,Inbound Web,Closed Won,16700.0,2026-03-04,2026-07-18,2026-07-17,46,181,136.0,136.0,True,True,False,False,0.54
O00102,A0045,R005,Platform License,Outreach Sequence,Prospecting,49000.0,2025-10-30,,2025-11-17,288,306,,306.0,False,False,True,False,0.42
O00103,A0117,R017,Data Module,LinkedIn Sales Nav,Closed Won,8900.0,2026-02-15,2026-08-09,2026-08-07,25,198,175.0,175.0,True,True,False,False,0.5
O00104,A0090,R010,Support Add-on,LinkedIn Sales Nav,Negotiation,4700.0,2026-02-15,,2026-08-16,16,198,,198.0,False,False,False,False,0.43
O00105,A0094,R014,Platform License,ZoomInfo List,Negotiation,6100.0,2026-04-10,,2026-04-18,136,144,,144.0,False,False,True,False,0.45
O00106,A0070,R014,Support Add-on,LinkedIn Sales Nav,Qualification,8500.0,2026-08-20,,2026-08-24,8,12,,12.0,False,False,False,False,0.43
O00107,A0077,R003,Data Module,,Closed Lost,10600.0,2025-04-04,2025-05-14,2025-05-09,480,515,40.0,40.0,True,False,False,False,0.45
O00108,A0038,R002,Support Add-on,Referral,Prospecting,5900.0,2026-01-17,,2026-08-13,19,227,,227.0,False,False,False,False,0.62
O00109,A0093,R016,Professional Services,ZoomInfo List,Qualification,8900.0,2026-06-09,,2026-06-28,65,84,,84.0,False,False,True,False,0.52
O00110,A0120,R007,Professional Services,ZoomInfo List,Closed Won,10100.0,2025-09-30,2026-03-08,2026-03-05,180,336,159.0,159.0,True,True,False,False,0.52
O00111,A0016,R009,Platform License,Inbound Web,Qualification,31300.0,2026-04-18,,2026-08-11,21,136,,136.0,False,False,False,False,0.56
O00112,A0021,R006,Data Module,LinkedIn Sales Nav,Closed Lost,38600.0,2026-08-28,2026-08-29,2026-08-24,8,4,1.0,1.0,True,False,False,False,0.55
O00113,A0042,R010,Platform License,Inbound Web,Prospecting,9100.0,2026-07-30,,2026-08-09,23,33,,33.0,False,False,False,False,0.56
O00114,A0082,R018,Support Add-on,Inbound Web,Closed Lost,19100.0,2025-05-29,2025-06-28,2025-06-23,435,460,30.0,30.0,True,False,False,False,0.58
O00115,A0139,R010,Support Add-on,Outreach Sequence,Closed Lost,4900.0,2026-03-02,2026-05-08,2026-05-08,116,183,67.0,67.0,True,False,False,False,0.35
O00116,A0118,R018,Data Module,,Proposal,22500.0,2025-06-23,,2026-08-28,4,435,,435.0,False,False,False,False,0.45
O00117,A0100,R003,Platform License,,Negotiation,11300.0,2025-06-28,,2025-07-01,427,430,,430.0,False,False,True,False,0.49
O00118,A0022,R012,Data Module,Referral,Prospecting,4400.0,2026-07-13,,2026-07-20,43,50,,50.0,False,False,True,False,0.56
O00119,A0123,R018,Professional Services,Referral,Negotiation,9900.0,2025-11-08,,2025-11-28,277,297,,297.0,False,False,True,False,0.67
O00120,A0117,R007,Professional Services,LinkedIn Sales Nav,Closed Won,17100.0,2026-04-07,2026-07-02,2026-06-30,63,147,86.0,86.0,True,True,False,False,0.57
O00121,A0087,R010,Data Module,Referral,Qualification,7900.0,2025-04-11,,2026-08-07,25,508,,508.0,False,False,False,False,0.56
O00122,A0058,R015,Data Module,ZoomInfo List,Proposal,21600.0,2025-10-28,,2025-11-05,300,308,,308.0,False,False,True,False,0.45
O00123,A0121,R009,Data Module,Outreach Sequence,Closed Lost,11300.0,2025-07-05,2025-10-22,2025-10-21,315,423,109.0,109.0,True,False,False,False,0.38
O00124,A0086,R010,Platform License,Inbound Web,Proposal,10100.0,2025-08-17,,2025-08-30,367,380,,380.0,False,False,True,False,0.56
O00125,A0111,R003,Platform License,ZoomInfo List,Negotiation,76500.0,2026-01-21,,2026-01-22,222,223,,223.0,False,False,True,False,0.54
O00126,A0086,R002,Platform License,,Closed Lost,39600.0,2025-04-28,2025-08-17,2025-08-16,381,491,111.0,111.0,True,False,False,False,0.49
O00127,A0010,R012,Data Module,Inbound Web,Qualification,8000.0,2025-08-29,,2026-08-07,25,368,,368.0,False,False,False,False,0.52
O00128,A0138,R001,Support Add-on,ZoomInfo List,Prospecting,21100.0,2025-08-17,,2026-09-01,0,380,,380.0,False,False,False,False,0.47
O00129,A0019,R016,Support Add-on,ZoomInfo List,Qualification,4400.0,2026-02-12,,2026-08-12,20,201,,201.0,False,False,False,False,0.47
O00130,A0098,R014,Support Add-on,Inbound Web,Proposal,4500.0,2025-04-16,,2025-05-04,485,503,,503.0,False,False,True,False,0.49
O00131,A0007,R014,Platform License,Outreach Sequence,Closed Won,34900.0,2026-07-13,2026-08-09,2026-08-04,28,50,27.0,27.0,True,True,False,False,0.42
O00132,A0001,R010,Data Module,LinkedIn Sales Nav,Proposal,24100.0,2026-07-01,,2026-08-11,21,62,,62.0,False,False,False,False,0.46
O00133,A0113,R016,Data Module,Outreach Sequence,Qualification,31100.0,2026-08-14,,2026-08-28,4,18,,18.0,False,False,False,False,0.47
O00134,A0034,R016,Platform License,Outreach Sequence,Prospecting,47900.0,2025-03-13,,2026-08-24,8,537,,537.0,False,False,False,False,0.51
O00135,A0086,R014,Support Add-on,Inbound Web,Negotiation,7200.0,2025-05-18,,2025-05-21,468,471,,471.0,False,False,True,False,0.49
O00136,A0114,R007,Platform License,Inbound Web,Qualification,13000.0,2025-08-08,,2025-08-14,383,389,,389.0,False,False,True,False,0.65
O00137,A0051,R007,Support Add-on,Referral,Closed Lost,24900.0,2026-05-26,2026-07-29,2026-07-24,39,98,64.0,64.0,True,False,False,False,0.62
O00138,A0024,R011,Support Add-on,Outreach Sequence,Closed Won,10200.0,2026-06-16,2026-08-10,2026-08-08,24,77,55.0,55.0,True,True,False,True,0.44
O00139,A0038,R007,Professional Services,,Closed Won,15200.0,2025-07-20,2025-12-22,2025-12-19,256,408,155.0,155.0,True,True,False,False,0.47
O00140,A0015,R007,Data Module,,Closed Lost,19200.0,2026-04-10,2026-08-26,2026-08-21,11,144,138.0,138.0,True,False,False,False,0.45
O00141,A0130,R008,Platform License,Inbound Web,Closed Won,18900.0,2026-01-06,2026-04-09,2026-04-09,145,238,93.0,93.0,True,True,False,False,0.65
O00142,A0038,R012,Data Module,ZoomInfo List,Qualification,12300.0,2025-09-01,,2026-08-11,21,365,,365.0,False,False,False,False,0.41
O00143,A0051,R003,Professional Services,,Prospecting,11800.0,2026-06-17,,2026-08-22,10,76,,76.0,False,False,False,False,0.47
O00144,A0067,R012,Platform License,LinkedIn Sales Nav,Qualification,8400.0,2025-06-02,,2025-06-16,442,456,,456.0,False,False,True,False,0.5
O00145,A0021,R008,Platform License,Outreach Sequence,Prospecting,5600.0,2026-06-01,,2026-09-01,0,92,,92.0,False,False,False,False,0.51
O00146,A0115,R006,Platform License,,Prospecting,45300.0,2025-12-26,,2026-01-04,240,249,,249.0,False,False,True,False,0.49
O00147,A0134,R016,Professional Services,Outreach Sequence,Qualification,42000.0,2026-03-13,,2026-08-21,11,172,,172.0,False,False,False,False,0.49
O00148,A0119,R017,Data Module,Referral,Prospecting,7600.0,2026-02-12,,2026-08-22,10,201,,201.0,False,False,False,False,0.6
O00149,A0026,R018,Support Add-on,Inbound Web,Negotiation,8100.0,2025-09-23,,2026-08-28,4,343,,343.0,False,False,False,False,0.58
O00150,A0073,R016,Data Module,LinkedIn Sales Nav,Closed Lost,2800.0,2026-03-03,2026-08-22,2026-08-19,13,182,172.0,172.0,True,False,False,False,0.55
O00151,A0026,R012,Support Add-on,Inbound Web,Closed Won,6800.0,2025-11-17,2026-04-20,2026-04-19,135,288,154.0,154.0,True,True,False,False,0.49
O00152,A0090,R018,Platform License,,Closed Won,22100.0,2025-05-16,2025-06-12,2025-06-09,449,473,27.0,27.0,True,True,False,False,0.49
O00153,A0128,R010,Support Add-on,ZoomInfo List,Proposal,7700.0,2025-12-16,,2026-01-05,239,259,,259.0,False,False,True,False,0.38
O00154,A0004,R001,Data Module,Referral,Closed Won,14100.0,2026-07-25,2026-08-31,2026-08-30,2,38,37.0,37.0,True,True,False,False,0.65
O00155,A0096,R007,Professional Services,,Proposal,31400.0,2026-07-17,,2026-08-08,24,46,,46.0,False,False,False,False,0.47
O00156,A0131,R009,Platform License,Outreach Sequence,Qualification,7200.0,2026-05-23,,2026-08-10,22,101,,101.0,False,False,False,False,0.42
O00157,A0019,R016,Support Add-on,Inbound Web,Closed Lost,42000.0,2025-05-14,2025-08-20,2025-08-20,377,475,98.0,98.0,True,False,False,False,0.58
O00158,A0123,R015,Data Module,Outreach Sequence,Closed Lost,13900.0,2026-05-05,2026-08-02,2026-07-31,32,119,89.0,89.0,True,False,False,False,0.42
O00159,A0007,R017,Data Module,LinkedIn Sales Nav,Proposal,18600.0,2025-05-01,,2025-05-11,478,488,,488.0,False,False,True,False,0.5
O00160,A0114,R008,Platform License,LinkedIn Sales Nav,Prospecting,14200.0,2026-05-12,,2026-08-15,17,112,,112.0,False,False,False,False,0.59
O00161,A0016,R016,Data Module,ZoomInfo List,Prospecting,6000.0,2025-07-13,,2026-08-09,23,415,,415.0,False,False,False,False,0.5
O00162,A0129,R018,Data Module,Referral,Proposal,80100.0,2025-06-18,,2025-06-21,437,440,,440.0,False,False,True,False,0.65
O00163,A0092,R002,Support Add-on,LinkedIn Sales Nav,Prospecting,29800.0,2026-02-11,,2026-08-12,20,202,,202.0,False,False,False,False,0.52
O00164,A0068,R010,Data Module,Referral,Negotiation,4500.0,2026-05-07,,2026-05-17,107,117,,117.0,False,False,True,False,0.56
O00165,A0005,R001,Professional Services,LinkedIn Sales Nav,Prospecting,8900.0,2026-05-03,,2026-08-16,16,121,,121.0,False,False,False,False,0.57
O00166,A0135,R011,Data Module,Inbound Web,Qualification,4000.0,2026-02-22,,2026-08-27,5,191,,191.0,False,False,False,False,0.61
O00167,A0095,R010,Support Add-on,ZoomInfo List,Qualification,9400.0,2026-02-21,,2026-09-01,0,192,,192.0,False,False,False,False,0.38
O00168,A0020,R013,Data Module,Referral,Qualification,8000.0,2025-04-01,,2026-08-18,14,518,,518.0,False,False,False,False,0.65
O00169,A0131,R003,Platform License,ZoomInfo List,Prospecting,59500.0,2025-11-05,,2025-11-20,285,300,,300.0,False,False,True,False,0.54
O00170,A0092,R018,Platform License,Referral,Qualification,37400.0,2026-05-07,,2026-08-08,24,117,,117.0,False,False,False,False,0.69
O00171,A0034,R007,Professional Services,Inbound Web,Closed Lost,19500.0,2026-05-19,2026-08-13,2026-08-13,19,105,86.0,86.0,True,False,False,False,0.63
O00172,A0053,R015,Platform License,Inbound Web,Closed Won,32600.0,2026-05-03,2026-08-28,2026-08-27,5,121,117.0,117.0,True,True,False,False,0.6
O00173,A0071,R002,Professional Services,Outreach Sequence,Proposal,11400.0,2025-09-06,,2025-09-16,350,360,,360.0,False,False,True,False,0.49
O00174,A0004,R014,Platform License,ZoomInfo List,Closed Lost,36700.0,2025-07-06,2025-08-18,2025-08-17,380,422,43.0,43.0,True,False,False,False,0.45
O00175,A0100,R010,Professional Services,,Proposal,6700.0,2025-07-25,,2026-08-20,12,403,,403.0,False,False,False,False,0.38
O00176,A0132,R016,Data Module,Referral,Closed Lost,21500.0,2025-11-20,2026-04-03,2026-04-01,153,285,134.0,134.0,True,False,False,False,0.65
O00177,A0035,R016,Data Module,,Closed Lost,14600.0,2025-08-30,2025-11-03,2025-10-31,305,367,65.0,65.0,True,False,False,False,0.45
O00178,A0019,R004,Support Add-on,LinkedIn Sales Nav,Proposal,5800.0,2025-11-14,,2026-08-07,25,291,,291.0,False,False,False,False,0.43
O00179,A0138,R005,Platform License,Outreach Sequence,Negotiation,10000.0,2025-05-18,,2026-09-01,0,471,,471.0,False,False,False,False,0.42
O00180,A0098,R009,Professional Services,,Closed Won,34800.0,2026-04-18,2026-05-21,2026-05-16,108,136,33.0,33.0,True,True,False,False,0.38
O00181,A0134,R005,Support Add-on,,Proposal,8000.0,2026-03-15,,2026-08-25,7,170,,170.0,False,False,False,False,0.33
O00182,A0067,R015,Platform License,Outreach Sequence,Prospecting,18950.0,2026-01-25,,2026-08-18,14,219,,219.0,False,False,False,True,0.46
O00183,A0007,R011,Platform License,Inbound Web,Prospecting,11000.0,2026-04-18,,2026-08-29,3,136,,136.0,False,False,False,False,0.65
O00184,A0031,R010,Support Add-on,ZoomInfo List,Closed Lost,3900.0,2025-08-05,2026-01-26,2026-01-21,223,392,174.0,174.0,True,False,False,False,0.38
O00185,A0105,R012,Professional Services,Inbound Web,Closed Lost,10000.0,2025-09-06,2025-12-30,2025-12-26,249,360,115.0,115.0,True,False,False,False,0.54
O00186,A0102,R007,Platform License,Outreach Sequence,Closed Lost,10900.0,2026-04-10,2026-07-18,2026-07-15,48,144,99.0,99.0,True,False,False,False,0.51
O00187,A0085,R008,Professional Services,LinkedIn Sales Nav,Proposal,9900.0,2026-06-06,,2026-08-08,24,87,,87.0,False,False,False,False,0.57
O00188,A0030,R013,Support Add-on,ZoomInfo List,Prospecting,11500.0,2025-03-19,,2025-03-21,529,531,,531.0,False,False,True,False,0.47
O00189,A0004,R012,Data Module,Inbound Web,Proposal,34100.0,2026-05-08,,2026-09-01,0,116,,116.0,False,False,False,False,0.52
O00190,A0021,R015,Professional Services,Inbound Web,Proposal,16500.0,2025-06-27,,2026-08-08,24,431,,431.0,False,False,False,False,0.58
O00191,A0081,R001,Platform License,LinkedIn Sales Nav,Prospecting,7800.0,2026-01-23,,2026-08-12,20,221,,221.0,False,False,False,False,0.59
O00192,A0085,R010,Data Module,,Qualification,1700.0,2025-07-16,,2025-07-19,409,412,,412.0,False,False,True,False,0.36
O00193,A0029,R007,Professional Services,Referral,Proposal,23800.0,2025-10-01,,2026-08-30,2,335,,335.0,False,False,False,False,0.67
O00194,A0108,R002,Professional Services,Outreach Sequence,Qualification,8500.0,2025-12-24,,2026-08-31,1,251,,251.0,False,False,False,False,0.49
O00195,A0130,R017,Platform License,Outreach Sequence,Closed Won,5200.0,2026-04-13,2026-08-27,2026-08-22,10,141,136.0,136.0,True,True,False,False,0.46
O00196,A0129,R010,Professional Services,,Closed Won,9400.0,2025-11-29,2026-03-04,2026-03-01,184,276,95.0,95.0,True,True,False,False,0.38
O00197,A0034,R002,Support Add-on,,Qualification,1800.0,2026-06-14,,2026-08-14,18,79,,79.0,False,False,False,False,0.42
O00198,A0062,R007,Support Add-on,Outreach Sequence,Qualification,16300.0,2026-05-05,,2026-09-01,0,119,,119.0,False,False,False,False,0.44
O00199,A0072,R016,Support Add-on,Inbound Web,Negotiation,11800.0,2026-03-31,,2026-08-10,22,154,,154.0,False,False,False,False,0.58
O00200,A0118,R008,Professional Services,LinkedIn Sales Nav,Proposal,5700.0,2025-12-20,,2026-08-14,18,255,,255.0,False,False,False,False,0.57
O00201,A0104,R016,Professional Services,ZoomInfo List,Closed Lost,14400.0,2025-03-21,2025-07-28,2025-07-26,402,529,129.0,129.0,True,False,False,False,0.52
O00202,A0096,R017,Support Add-on,Outreach Sequence,Prospecting,17500.0,2025-05-21,,2026-08-25,7,468,,468.0,False,False,False,False,0.39
O00203,A0137,R014,Professional Services,,Negotiation,29600.0,2025-12-23,,2026-01-04,240,252,,252.0,False,False,True,False,0.38
O00204,A0017,R011,Support Add-on,Outreach Sequence,Closed Lost,38700.0,2025-08-11,2025-10-12,2025-10-08,328,386,62.0,62.0,True,False,False,False,0.44
O00205,A0073,R011,Data Module,Outreach Sequence,Closed Won,10000.0,2026-04-08,2026-08-29,2026-08-26,6,146,143.0,143.0,True,True,False,False,0.47
O00206,A0089,R014,Data Module,,Qualification,7500.0,2026-06-06,,2026-08-30,2,87,,87.0,False,False,False,False,0.36
O00207,A0134,R016,Data Module,,Prospecting,29900.0,2026-04-20,,2026-08-20,12,134,,134.0,False,False,False,False,0.45
O00208,A0096,R003,Support Add-on,Inbound Web,Negotiation,4100.0,2025-11-26,,2026-08-14,18,279,,279.0,False,False,False,False,0.58
O00209,A0051,R006,Professional Services,Inbound Web,Prospecting,15900.0,2025-05-11,,2026-08-26,6,478,,478.0,False,False,False,False,0.63
O00210,A0071,R017,Support Add-on,Outreach Sequence,Proposal,26800.0,2026-05-31,,2026-08-31,1,93,,93.0,False,False,False,False,0.39
O00211,A0135,R008,Professional Services,Outreach Sequence,Closed Won,20000.0,2025-12-20,2026-03-16,2026-03-14,171,255,86.0,86.0,True,True,False,False,0.49
O00212,A0048,R011,Platform License,Inbound Web,Qualification,38700.0,2025-05-25,,2026-08-07,25,464,,464.0,False,False,False,False,0.65
O00213,A0106,R008,Platform License,Outreach Sequence,Negotiation,34200.0,2026-01-16,,2026-08-12,20,228,,228.0,False,False,False,False,0.51
O00214,A0036,R013,Platform License,Outreach Sequence,Proposal,54200.0,2026-06-26,,2026-07-07,56,67,,67.0,False,False,True,False,0.51
O00215,A0106,R003,Platform License,ZoomInfo List,Closed Won,9100.0,2025-06-14,2025-09-29,2025-09-24,342,444,107.0,107.0,True,True,False,False,0.54
O00216,A0073,R007,Professional Services,ZoomInfo List,Negotiation,9400.0,2025-11-23,,2026-08-13,19,282,,282.0,False,False,False,False,0.52
O00217,A0016,R015,Data Module,Inbound Web,Qualification,7800.0,2025-04-28,,2026-08-12,20,491,,491.0,False,False,False,False,0.56
O00218,A0035,R016,Platform License,Inbound Web,Proposal,20300.0,2025-08-29,,2026-08-16,16,368,,368.0,False,False,False,False,0.65
O00219,A0029,R015,Professional Services,Outreach Sequence,Prospecting,11000.0,2025-10-09,,2025-10-25,311,327,,327.0,False,False,True,False,0.44
O00220,A0113,R003,Professional Services,Outreach Sequence,Qualification,17500.0,2025-12-21,,2025-12-29,246,254,,254.0,False,False,True,False,0.49
O00221,A0095,R010,Support Add-on,ZoomInfo List,Qualification,10200.0,2026-03-04,,2026-08-14,18,181,,181.0,False,False,False,True,0.38
O00222,A0072,R007,Professional Services,Referral,Closed Lost,52900.0,2026-02-20,2026-07-18,2026-07-16,47,193,148.0,148.0,True,False,False,False,0.67
O00223,A0090,R003,Platform License,Outreach Sequence,Prospecting,37800.0,2026-01-05,,2026-01-25,219,239,,239.0,False,False,True,False,0.51
O00224,A0026,R012,Support Add-on,,Closed Lost,12800.0,2026-03-03,2026-03-28,2026-03-28,157,182,25.0,25.0,True,False,False,False,0.33
O00225,A0051,R003,Platform License,Referral,Closed Won,48300.0,2025-08-23,2026-01-30,2026-01-30,214,374,160.0,160.0,True,True,False,False,0.69
O00226,A0072,R008,Professional Services,ZoomInfo List,Closed Lost,15300.0,2025-06-10,2025-08-03,2025-07-29,399,448,54.0,54.0,True,False,False,False,0.52
O00227,A0096,R008,Professional Services,,Proposal,5600.0,2026-03-05,,2026-03-06,179,180,,180.0,False,False,True,False,0.47
O00228,A0091,R013,Platform License,ZoomInfo List,Closed Lost,18900.0,2025-10-10,2026-04-01,2026-03-28,157,326,173.0,173.0,True,False,False,False,0.54
O00229,A0045,R010,Professional Services,LinkedIn Sales Nav,Negotiation,2700.0,2026-06-13,,2026-08-30,2,80,,80.0,False,False,False,False,0.48
O00230,A0055,R001,Data Module,Outreach Sequence,Proposal,7300.0,2025-12-03,,2025-12-07,268,272,,272.0,False,False,True,False,0.47
O00231,A0105,R004,Data Module,Inbound Web,Closed Lost,12300.0,2025-06-28,2025-10-12,2025-10-10,326,430,106.0,106.0,True,False,False,False,0.52
O00232,A0097,R017,Data Module,Referral,Prospecting,22100.0,2026-01-13,,2026-01-24,220,231,,231.0,False,False,True,False,0.6
O00233,A0099,R008,Platform License,LinkedIn Sales Nav,Closed Won,4400.0,2026-03-10,2026-08-07,2026-08-07,25,175,150.0,150.0,True,True,False,False,0.59
O00234,A0097,R010,Platform License,Inbound Web,Qualification,3300.0,2026-03-16,,2026-03-23,162,169,,169.0,False,False,True,False,0.56
O00235,A0087,R015,Support Add-on,,Prospecting,6100.0,2025-11-16,,2026-08-17,15,289,,289.0,False,False,False,False,0.37
O00236,A0031,R016,Platform License,Inbound Web,Proposal,18950.0,2026-06-03,,2026-08-29,3,90,,90.0,False,False,False,True,0.65
O00237,A0074,R001,Support Add-on,Outreach Sequence,Closed Won,4100.0,2025-05-04,2025-09-11,2025-09-08,358,485,130.0,130.0,True,True,False,False,0.44
O00238,A0113,R013,Platform License,,Negotiation,9600.0,2025-07-31,,2025-08-02,395,397,,397.0,False,False,True,False,0.49
O00239,A0012,R014,Support Add-on,ZoomInfo List,Prospecting,3100.0,2025-11-29,,2025-12-11,264,276,,276.0,False,False,True,False,0.38
O00240,A0012,R015,Professional Services,Referral,Closed Lost,24800.0,2026-06-30,2026-08-28,2026-08-24,8,63,59.0,59.0,True,False,False,False,0.62
O00241,A0032,R017,Support Add-on,Outreach Sequence,Closed Lost,13000.0,2025-07-23,2025-09-01,2025-08-29,368,405,40.0,40.0,True,False,False,False,0.39
O00242,A0037,R015,Professional Services,ZoomInfo List,Prospecting,14400.0,2026-04-24,,2026-04-29,125,130,,130.0,False,False,True,False,0.47
O00243,A0027,R005,Support Add-on,,Qualification,2300.0,2026-06-24,,2026-07-03,60,69,,69.0,False,False,True,False,0.33
O00244,A0027,R017,Data Module,Outreach Sequence,Proposal,5400.0,2025-07-03,,2026-08-29,3,425,,425.0,False,False,False,False,0.42
O00245,A0057,R004,Support Add-on,Referral,Closed Won,16600.0,2025-09-13,2026-02-16,2026-02-12,201,353,156.0,156.0,True,True,False,False,0.53
O00246,A0096,R013,Support Add-on,Inbound Web,Proposal,13800.0,2026-04-06,,2026-04-17,137,148,,148.0,False,False,True,False,0.58
O00247,A0038,R013,Data Module,LinkedIn Sales Nav,Proposal,6900.0,2025-08-15,,2025-08-31,366,382,,382.0,False,False,True,False,0.55
O00248,A0107,R009,Professional Services,ZoomInfo List,Closed Lost,16700.0,2025-10-28,2026-01-14,2026-01-09,235,308,78.0,78.0,True,False,False,False,0.43
O00249,A0065,R004,Professional Services,Inbound Web,Closed Won,24500.0,2026-01-27,2026-06-18,2026-06-16,77,217,142.0,142.0,True,True,False,False,0.54
O00250,A0043,R006,Platform License,LinkedIn Sales Nav,Proposal,32400.0,2025-03-31,,2026-09-01,0,519,,519.0,False,False,False,False,0.59
O00251,A0013,R009,Platform License,ZoomInfo List,Negotiation,15300.0,2026-07-29,,2026-08-10,22,34,,34.0,False,False,False,False,0.45
O00252,A0003,R007,Platform License,,Qualification,10300.0,2026-07-31,,2026-08-16,16,32,,32.0,False,False,False,False,0.49
O00253,A0009,R001,Support Add-on,ZoomInfo List,Closed Lost,7800.0,2025-12-10,2025-12-27,2025-12-24,251,265,17.0,17.0,True,False,False,False,0.47
O00254,A0019,R017,Professional Services,,Qualification,8400.0,2026-01-13,,2026-08-08,24,231,,231.0,False,False,False,False,0.42
O00255,A0132,R006,Data Module,ZoomInfo List,Prospecting,61700.0,2026-03-07,,2026-08-23,9,178,,178.0,False,False,False,False,0.5
O00256,A0129,R003,Data Module,Inbound Web,Prospecting,20300.0,2025-09-08,,2026-08-13,19,358,,358.0,False,False,False,False,0.61
O00257,A0094,R001,Platform License,Referral,Proposal,20900.0,2025-08-13,,2025-08-17,380,384,,384.0,False,False,True,False,0.69
O00258,A0103,R004,Support Add-on,,Closed Won,16100.0,2025-10-03,2025-11-30,2025-11-29,276,333,58.0,58.0,True,True,False,False,0.33
O00259,A0053,R005,Platform License,Referral,Proposal,22300.0,2025-07-14,,2025-07-30,398,414,,414.0,False,False,True,False,0.6
O00260,A0048,R012,Data Module,Inbound Web,Closed Lost,6300.0,2025-07-30,2025-11-04,2025-10-30,306,398,97.0,97.0,True,False,False,False,0.52
O00261,A0101,R004,Support Add-on,Referral,Closed Lost,2700.0,2025-10-28,2026-01-21,2026-01-21,223,308,85.0,85.0,True,False,False,False,0.53
O00262,A0075,R002,Professional Services,,Prospecting,12300.0,2025-09-22,,2026-08-23,9,344,,344.0,False,False,False,False,0.47
O00263,A0098,R001,Support Add-on,LinkedIn Sales Nav,Prospecting,11000.0,2025-11-03,,2026-08-14,18,302,,302.0,False,False,False,False,0.52
O00264,A0105,R001,Data Module,ZoomInfo List,Proposal,16500.0,2025-04-06,,2025-04-08,511,513,,513.0,False,False,True,False,0.5
O00265,A0023,R005,Professional Services,ZoomInfo List,Proposal,8100.0,2025-09-15,,2025-09-21,345,351,,351.0,False,False,True,False,0.43
O00266,A0023,R008,Support Add-on,,Prospecting,15300.0,2026-03-03,,2026-03-09,176,182,,182.0,False,False,True,False,0.42
O00267,A0095,R001,Data Module,Outreach Sequence,Proposal,44100.0,2026-04-21,,2026-08-17,15,133,,133.0,False,False,False,False,0.47
O00268,A0109,R006,Professional Services,,Closed Lost,14700.0,2025-08-14,2025-08-28,2025-08-23,374,383,14.0,14.0,True,False,False,True,0.47
O00269,A0015,R016,Professional Services,,Prospecting,9600.0,2025-09-13,,2025-09-15,351,353,,353.0,False,False,True,False,0.47
O00270,A0117,R010,Data Module,,Qualification,40500.0,2025-03-17,,2026-08-22,10,533,,533.0,False,False,False,False,0.36
O00271,A0072,R015,Support Add-on,ZoomInfo List,Closed Lost,11900.0,2026-03-16,2026-03-30,2026-03-29,156,169,14.0,14.0,True,False,False,False,0.42
O00272,A0032,R008,Professional Services,,Prospecting,14700.0,2026-08-09,,2026-08-07,25,23,,23.0,False,False,False,True,0.47
O00273,A0013,R010,Platform License,Referral,Proposal,40100.0,2026-07-13,,2026-07-17,46,50,,50.0,False,False,True,False,0.6
O00274,A0003,R018,Platform License,Referral,Prospecting,77100.0,2025-12-16,,2025-12-20,255,259,,259.0,False,False,True,False,0.69
O00275,A0087,R006,Professional Services,Inbound Web,Proposal,51800.0,2026-05-16,,2026-05-20,104,108,,108.0,False,False,True,False,0.63
O00276,A0064,R017,Support Add-on,Referral,Qualification,1600.0,2026-02-06,,2026-02-22,191,207,,207.0,False,False,True,False,0.57
O00277,A0125,R015,Support Add-on,ZoomInfo List,Prospecting,42900.0,2026-08-29,,2026-08-11,21,3,,3.0,False,False,False,False,0.42
O00278,A0140,R006,Platform License,,Closed Lost,36300.0,2026-05-20,2026-08-13,2026-08-11,21,104,85.0,85.0,True,False,False,False,0.49
O00279,A0134,R007,Professional Services,Outreach Sequence,Proposal,7400.0,2025-11-07,,2026-08-29,3,298,,298.0,False,False,False,False,0.49
O00280,A0094,R001,Platform License,ZoomInfo List,Negotiation,48200.0,2026-03-10,,2026-03-13,172,175,,175.0,False,False,True,False,0.54
O00281,A0025,R009,Professional Services,Outreach Sequence,Qualification,8200.0,2025-07-17,,2026-08-17,15,411,,411.0,False,False,False,False,0.4
O00282,A0090,R011,Platform License,ZoomInfo List,Closed Lost,16000.0,2026-07-02,2026-08-27,2026-08-24,8,61,56.0,56.0,True,False,False,False,0.54
O00283,A0085,R004,Professional Services,Referral,Closed Lost,11100.0,2025-08-08,2025-12-19,2025-12-16,259,389,133.0,133.0,True,False,False,False,0.58
O00284,A0119,R016,Data Module,Outreach Sequence,Qualification,72700.0,2026-06-28,,2026-08-16,16,65,,65.0,False,False,False,False,0.47
O00285,A0043,R016,Support Add-on,Referral,Closed Won,16500.0,2025-03-14,2025-09-09,2025-09-04,362,536,179.0,179.0,True,True,False,False,0.62
O00286,A0128,R001,Data Module,ZoomInfo List,Negotiation,10300.0,2026-07-07,,2026-08-17,15,56,,56.0,False,False,False,False,0.5
O00287,A0073,R016,Data Module,LinkedIn Sales Nav,Qualification,6600.0,2025-12-28,,2026-01-10,234,247,,247.0,False,False,True,False,0.55
O00288,A0069,R013,Platform License,Inbound Web,Closed Won,9900.0,2025-06-03,2025-10-05,2025-10-03,333,455,124.0,124.0,True,True,False,False,0.65
O00289,A0113,R002,Platform License,Outreach Sequence,Qualification,7200.0,2025-07-14,,2026-08-07,25,414,,414.0,False,False,False,False,0.51
O00290,A0120,R005,Professional Services,,Closed Won,3900.0,2025-05-21,2025-07-27,2025-07-24,404,468,67.0,67.0,True,True,False,False,0.38
O00291,A0105,R009,Support Add-on,,Proposal,4800.0,2025-05-25,,2025-06-06,452,464,,464.0,False,False,True,False,0.33
O00292,A0115,R016,Support Add-on,,Prospecting,4100.0,2026-05-15,,2026-08-09,23,109,,109.0,False,False,False,False,0.42
O00293,A0035,R002,Support Add-on,Referral,Negotiation,7800.0,2026-02-12,,2026-02-19,194,201,,201.0,False,False,True,False,0.62
O00294,A0116,R006,Data Module,Outreach Sequence,Closed Won,8600.0,2026-04-27,2026-08-31,2026-08-27,5,127,126.0,126.0,True,True,False,False,0.47
O00295,A0016,R005,Data Module,Referral,Closed Won,22200.0,2026-03-03,2026-04-08,2026-04-05,149,182,36.0,36.0,True,True,False,False,0.56
O00296,A0060,R015,Data Module,Inbound Web,Negotiation,8900.0,2025-12-20,,2026-08-28,4,255,,255.0,False,False,False,False,0.56
O00297,A0128,R013,Support Add-on,,Proposal,11500.0,2026-01-21,,2026-08-11,21,223,,223.0,False,False,False,False,0.42
O00298,A0073,R016,Support Add-on,,Closed Lost,8200.0,2026-05-05,2026-08-29,2026-08-26,6,119,116.0,116.0,True,False,False,False,0.42
O00299,A0033,R009,Platform License,Inbound Web,Prospecting,8600.0,2026-04-05,,2026-08-27,5,149,,149.0,False,False,False,False,0.56
O00300,A0089,R002,Professional Services,Outreach Sequence,Qualification,15300.0,2025-11-02,,2026-08-29,3,303,,303.0,False,False,False,False,0.49
O00301,A0104,R016,Data Module,ZoomInfo List,Closed Lost,13400.0,2025-03-26,2025-09-22,2025-09-22,344,524,180.0,180.0,True,False,False,False,0.5
O00302,A0072,R013,Data Module,,Closed Won,8500.0,2025-10-15,2025-12-15,2025-12-11,264,321,61.0,61.0,True,True,False,False,0.45
O00303,A0118,R014,Professional Services,,Closed Lost,5900.0,2025-08-20,2025-10-18,2025-10-16,320,377,59.0,59.0,True,False,False,False,0.38
O00304,A0139,R016,Professional Services,ZoomInfo List,Prospecting,124400.0,2025-03-23,,2026-08-28,4,527,,527.0,False,False,False,False,0.52
O00305,A0008,R018,Platform License,LinkedIn Sales Nav,Closed Won,24100.0,2025-05-11,2025-08-11,2025-08-07,390,478,92.0,92.0,True,True,False,False,0.59
O00306,A0129,R007,Data Module,Referral,Proposal,20500.0,2025-08-30,,2025-09-05,361,367,,367.0,False,False,True,False,0.65
O00307,A0099,R011,Data Module,Referral,Prospecting,8700.0,2025-07-14,,2026-08-22,10,414,,414.0,False,False,False,False,0.65
O00308,A0004,R016,Data Module,Referral,Qualification,19000.0,2026-08-22,,2026-08-13,19,10,,10.0,False,False,False,False,0.65
O00309,A0071,R015,Platform License,,Proposal,3900.0,2025-10-07,,2026-08-15,17,329,,329.0,False,False,False,False,0.44
O00310,A0071,R013,Support Add-on,Referral,Prospecting,4800.0,2025-03-29,,2025-04-01,518,521,,521.0,False,False,True,False,0.62
O00311,A0069,R006,Platform License,,Proposal,18900.0,2026-06-25,,2026-08-19,13,68,,68.0,False,False,False,False,0.49
O00312,A0014,R001,Data Module,,Closed Won,12900.0,2026-06-19,2026-08-31,2026-08-31,1,74,73.0,73.0,True,True,False,False,0.45
O00313,A0011,R002,Support Add-on,Referral,Prospecting,23500.0,2026-06-20,,2026-08-18,14,73,,73.0,False,False,False,False,0.62
O00314,A0131,R010,Support Add-on,Outreach Sequence,Qualification,2100.0,2025-07-29,,2026-08-30,2,399,,399.0,False,False,False,False,0.35
O00315,A0028,R014,Platform License,LinkedIn Sales Nav,Proposal,6700.0,2025-04-04,,2026-08-23,9,515,,515.0,False,False,False,False,0.5
O00316,A0057,R013,Data Module,Inbound Web,Qualification,17300.0,2026-07-31,,2026-08-07,25,32,,32.0,False,False,False,False,0.61
O00317,A0116,R018,Professional Services,LinkedIn Sales Nav,Closed Won,14700.0,2025-08-14,2025-09-24,2025-09-24,342,383,41.0,41.0,True,True,False,True,0.57
O00318,A0062,R007,Platform License,LinkedIn Sales Nav,Closed Lost,13000.0,2026-01-28,2026-04-02,2026-03-30,155,216,64.0,64.0,True,False,False,False,0.59
O00319,A0115,R017,Professional Services,ZoomInfo List,Prospecting,5900.0,2026-01-17,,2026-02-05,208,227,,227.0,False,False,True,False,0.47
O00320,A0070,R004,Platform License,LinkedIn Sales Nav,Prospecting,7200.0,2026-06-24,,2026-08-21,11,69,,69.0,False,False,False,False,0.5
O00321,A0031,R012,Platform License,LinkedIn Sales Nav,Closed Won,3700.0,2026-06-21,2026-08-27,2026-08-22,10,72,67.0,67.0,True,True,False,False,0.5
O00322,A0070,R015,Support Add-on,LinkedIn Sales Nav,Qualification,15500.0,2025-06-19,,2026-08-12,20,439,,439.0,False,False,False,False,0.47
O00323,A0004,R012,Professional Services,,Closed Lost,18100.0,2025-09-26,2025-12-23,2025-12-20,255,340,88.0,88.0,True,False,False,False,0.38
O00324,A0094,R013,Platform License,LinkedIn Sales Nav,Closed Won,41200.0,2026-04-10,2026-05-09,2026-05-09,115,144,29.0,29.0,True,True,False,False,0.59
O00325,A0093,R012,Data Module,Referral,Closed Won,10900.0,2026-01-26,2026-07-22,2026-07-21,42,218,177.0,177.0,True,True,False,False,0.56
O00326,A0082,R011,Support Add-on,ZoomInfo List,Prospecting,3900.0,2025-05-13,,2026-08-11,21,476,,476.0,False,False,False,False,0.47
O00327,A0066,R003,Professional Services,Inbound Web,Negotiation,25800.0,2026-03-21,,2026-08-28,4,164,,164.0,False,False,False,False,0.63
O00328,A0115,R009,Support Add-on,Outreach Sequence,Closed Won,1600.0,2026-01-19,2026-05-03,2026-05-02,122,225,104.0,104.0,True,True,False,False,0.35
O00329,A0114,R011,Support Add-on,Inbound Web,Closed Lost,24400.0,2025-05-08,2025-10-31,2025-10-29,307,481,176.0,176.0,True,False,False,False,0.58
O00330,A0024,R002,Support Add-on,Referral,Qualification,54400.0,2026-03-06,,2026-08-30,2,179,,179.0,False,False,False,False,0.62
O00331,A0081,R010,Professional Services,Referral,Negotiation,14700.0,2025-07-12,,2026-08-13,19,416,,416.0,False,False,False,True,0.58
O00332,A0050,R001,Data Module,ZoomInfo List,Proposal,10900.0,2026-01-08,,2026-01-14,230,236,,236.0,False,False,True,False,0.5
O00333,A0014,R013,Professional Services,Inbound Web,Closed Won,27200.0,2025-09-27,2026-02-06,2026-02-05,208,339,132.0,132.0,True,True,False,False,0.63
O00334,A0117,R018,Platform License,ZoomInfo List,Proposal,15300.0,2026-07-18,,2026-08-31,1,45,,45.0,False,False,False,False,0.54
O00335,A0064,R004,Platform License,ZoomInfo List,Closed Lost,15700.0,2025-12-10,2026-05-22,2026-05-18,106,265,163.0,163.0,True,False,False,False,0.45
O00336,A0129,R011,Platform License,ZoomInfo List,Qualification,34100.0,2025-05-29,,2025-06-12,446,460,,460.0,False,False,True,False,0.54
O00337,A0129,R009,Support Add-on,ZoomInfo List,Closed Lost,29100.0,2025-09-15,2025-11-22,2025-11-19,286,351,68.0,68.0,True,False,False,False,0.38
O00338,A0025,R009,Platform License,ZoomInfo List,Closed Lost,4300.0,2025-03-14,2025-05-01,2025-04-27,492,536,48.0,48.0,True,False,False,False,0.45
O00339,A0135,R017,Platform License,Referral,Closed Won,6200.0,2025-04-03,2025-09-14,2025-09-10,356,516,164.0,164.0,True,True,False,False,0.64
O00340,A0106,R004,Data Module,LinkedIn Sales Nav,Closed Won,4000.0,2026-07-18,2026-08-29,2026-08-25,7,45,42.0,42.0,True,True,False,False,0.46
O00341,A0066,R004,Data Module,ZoomInfo List,Prospecting,3700.0,2025-12-14,,2026-01-01,243,261,,261.0,False,False,True,False,0.41
O00342,A0047,R014,Platform License,,Prospecting,5200.0,2026-08-24,,2026-08-26,6,8,,8.0,False,False,False,False,0.4
O00343,A0038,R005,Data Module,LinkedIn Sales Nav,Proposal,8300.0,2026-05-14,,2026-06-01,92,110,,110.0,False,False,True,False,0.46
O00344,A0078,R002,Support Add-on,,Closed Won,27900.0,2025-07-21,2025-09-14,2025-09-12,354,407,55.0,55.0,True,True,False,False,0.42
O00345,A0093,R015,Support Add-on,LinkedIn Sales Nav,Closed Won,17100.0,2025-09-13,2026-03-10,2026-03-10,175,353,178.0,178.0,True,True,False,False,0.47
O00346,A0039,R004,Professional Services,Outreach Sequence,Proposal,5600.0,2026-01-24,,2026-08-11,21,220,,220.0,False,False,False,False,0.4
O00347,A0019,R004,Data Module,,Closed Lost,8900.0,2026-08-26,2026-08-28,2026-08-28,4,6,2.0,2.0,True,False,False,False,0.36
O00348,A0119,R001,Support Add-on,Outreach Sequence,Closed Lost,5100.0,2026-07-24,2026-08-27,2026-08-25,7,39,34.0,34.0,True,False,False,False,0.44
O00349,A0035,R017,Professional Services,,Prospecting,45000.0,2025-04-12,,2025-05-02,487,507,,507.0,False,False,True,False,0.42
O00350,A0059,R014,Professional Services,,Proposal,11500.0,2026-07-26,,2026-08-04,28,37,,37.0,False,False,False,False,0.38
O00351,A0051,R017,Data Module,Inbound Web,Proposal,15700.0,2026-02-07,,2026-08-15,17,206,,206.0,False,False,False,False,0.56
O00352,A0033,R010,Support Add-on,LinkedIn Sales Nav,Prospecting,3800.0,2026-01-12,,2026-08-24,8,232,,232.0,False,False,False,False,0.43
O00353,A0022,R005,Platform License,Referral,Prospecting,35600.0,2025-11-03,,2026-08-07,25,302,,302.0,False,False,False,False,0.6
O00354,A0104,R003,Data Module,Referral,Closed Lost,13400.0,2025-04-23,2025-08-28,2025-08-24,373,496,127.0,127.0,True,False,False,False,0.65
O00355,A0092,R011,Platform License,LinkedIn Sales Nav,Proposal,37000.0,2026-06-23,,2026-08-25,7,70,,70.0,False,False,False,False,0.59
O00356,A0095,R015,Support Add-on,Referral,Closed Won,31600.0,2026-08-22,2026-08-28,2026-08-23,9,10,6.0,6.0,True,True,False,False,0.57
O00357,A0017,R003,Platform License,Referral,Qualification,26300.0,2026-03-02,,2026-03-09,176,183,,183.0,False,False,True,False,0.69
O00358,A0011,R009,Professional Services,,Closed Won,3500.0,2025-12-27,2026-03-10,2026-03-06,179,248,73.0,73.0,True,True,False,False,0.38
O00359,A0001,R006,Platform License,Outreach Sequence,Proposal,10200.0,2025-04-14,,2026-08-17,15,505,,505.0,False,False,False,False,0.51
O00360,A0134,R002,Data Module,Referral,Negotiation,21700.0,2025-11-23,,2025-12-01,274,282,,282.0,False,False,True,False,0.65
O00361,A0110,R001,Platform License,Referral,Qualification,68300.0,2025-06-24,,2025-06-30,428,434,,434.0,False,False,True,False,0.69
O00362,A0108,R010,Data Module,LinkedIn Sales Nav,Prospecting,3600.0,2026-08-23,,2026-09-12,-11,9,,9.0,False,False,False,False,0.46
O00363,A0090,R005,Support Add-on,ZoomInfo List,Proposal,13800.0,2025-11-29,,2025-12-13,262,276,,276.0,False,False,True,False,0.38
O00364,A0015,R018,Support Add-on,Inbound Web,Proposal,14200.0,2025-11-18,,2026-08-29,3,287,,287.0,False,False,False,False,0.58
O00365,A0018,R018,Data Module,Inbound Web,Negotiation,11400.0,2026-02-12,,2026-09-01,0,201,,201.0,False,False,False,False,0.61
O00366,A0070,R001,Professional Services,,Qualification,31100.0,2025-03-20,,2025-04-07,512,530,,530.0,False,False,True,False,0.47
O00367,A0024,R015,Data Module,Outreach Sequence,Proposal,46400.0,2026-03-17,,2026-08-29,3,168,,168.0,False,False,False,False,0.42
O00368,A0124,R004,Support Add-on,LinkedIn Sales Nav,Negotiation,7700.0,2025-08-28,,2025-09-11,355,369,,369.0,False,False,True,False,0.43
O00369,A0125,R017,Professional Services,LinkedIn Sales Nav,Qualification,18900.0,2025-09-02,,2026-08-30,2,364,,364.0,False,False,False,False,0.52
O00370,A0112,R005,Data Module,,Closed Lost,20100.0,2026-04-05,2026-07-31,2026-07-26,37,149,117.0,117.0,True,False,False,False,0.36
O00371,A0073,R015,Platform License,Outreach Sequence,Qualification,32800.0,2026-03-19,,2026-03-28,157,166,,166.0,False,False,True,False,0.46
O00372,A0022,R007,Support Add-on,Inbound Web,Closed Won,31000.0,2025-08-25,2025-12-18,2025-12-17,258,372,115.0,115.0,True,True,False,False,0.58
O00373,A0026,R017,Professional Services,,Negotiation,20500.0,2026-01-03,,2026-08-26,6,241,,241.0,False,False,False,False,0.42
O00374,A0055,R017,Platform License,Outreach Sequence,Prospecting,7100.0,2025-05-04,,2026-08-30,2,485,,485.0,False,False,False,False,0.46
O00375,A0124,R005,Platform License,,Prospecting,9600.0,2025-07-28,,2026-08-28,4,400,,400.0,False,False,False,False,0.4
O00376,A0044,R009,Platform License,Outreach Sequence,Closed Won,8700.0,2025-08-31,2026-01-07,2026-01-03,241,366,129.0,129.0,True,True,False,False,0.42
O00377,A0131,R016,Professional Services,,Qualification,10200.0,2026-03-03,,2026-08-14,18,182,,182.0,False,False,False,False,0.47
O00378,A0038,R018,Support Add-on,Inbound Web,Closed Won,10600.0,2026-01-11,2026-05-06,2026-05-04,120,233,115.0,115.0,True,True,False,False,0.58
O00379,A0064,R006,Platform License,Referral,Qualification,51400.0,2026-04-14,,2026-08-17,15,140,,140.0,False,False,False,False,0.69
O00380,A0073,R013,Support Add-on,Outreach Sequence,Closed Lost,19300.0,2025-06-17,2025-11-14,2025-11-12,293,441,150.0,150.0,True,False,False,False,0.44
O00381,A0038,R004,Data Module,ZoomInfo List,Closed Lost,1700.0,2026-03-17,2026-05-22,2026-05-20,104,168,66.0,66.0,True,False,False,False,0.41
O00382,A0081,R007,Support Add-on,LinkedIn Sales Nav,Closed Won,13400.0,2025-03-05,2025-04-30,2025-04-29,490,545,56.0,56.0,True,True,False,False,0.52
O00383,A0129,R013,Data Module,LinkedIn Sales Nav,Prospecting,19800.0,2025-04-15,,2026-09-01,0,504,,504.0,False,False,False,False,0.55
O00384,A0035,R007,Support Add-on,LinkedIn Sales Nav,Closed Lost,10200.0,2026-04-25,2026-05-28,2026-05-27,97,129,33.0,33.0,True,False,False,True,0.52
O00385,A0004,R005,Support Add-on,Inbound Web,Closed Lost,20800.0,2025-10-16,2026-02-21,2026-02-16,197,320,128.0,128.0,True,False,False,False,0.49
O00386,A0015,R006,Platform License,ZoomInfo List,Qualification,12300.0,2026-07-05,,2026-08-26,6,58,,58.0,False,False,False,False,0.54
O00387,A0122,R007,Data Module,Outreach Sequence,Closed Lost,19300.0,2026-04-29,2026-08-30,2026-08-29,3,125,123.0,123.0,True,False,False,False,0.47
O00388,A0104,R009,Professional Services,Inbound Web,Negotiation,5900.0,2026-05-27,,2026-08-23,9,97,,97.0,False,False,False,False,0.54
O00389,A0092,R016,Platform License,,Qualification,27500.0,2025-03-16,,2025-03-18,532,534,,534.0,False,False,True,False,0.49
O00390,A0112,R016,Platform License,ZoomInfo List,Prospecting,6200.0,2025-06-13,,2026-08-20,12,445,,445.0,False,False,False,False,0.54
O00391,A0107,R003,Platform License,Referral,Closed Won,4200.0,2025-05-02,2025-07-14,2025-07-13,415,487,73.0,73.0,True,True,False,False,0.69
O00392,A0057,R005,Platform License,Outreach Sequence,Proposal,44500.0,2025-09-01,,2025-09-09,357,365,,365.0,False,False,True,False,0.42
O00393,A0120,R006,Data Module,,Qualification,19300.0,2026-02-15,,2026-02-17,196,198,,198.0,False,False,True,False,0.45
O00394,A0006,R009,Support Add-on,Referral,Prospecting,6800.0,2025-04-17,,2025-05-02,487,502,,502.0,False,False,True,False,0.53
O00395,A0011,R018,Platform License,Referral,Proposal,22000.0,2026-03-26,,2026-09-01,0,159,,159.0,False,False,False,False,0.69
O00396,A0110,R018,Professional Services,Outreach Sequence,Closed Won,4300.0,2025-08-24,2026-02-18,2026-02-14,199,373,178.0,178.0,True,True,False,False,0.49
O00397,A0070,R014,Data Module,Referral,Qualification,12200.0,2026-03-27,,2026-03-31,154,158,,158.0,False,False,True,False,0.56
O00398,A0112,R003,Platform License,ZoomInfo List,Closed Won,18950.0,2026-03-02,2026-04-30,2026-04-30,124,183,59.0,59.0,True,True,False,True,0.54
O00399,A0082,R011,Data Module,Referral,Prospecting,21900.0,2025-12-12,,2025-12-19,256,263,,263.0,False,False,True,False,0.65
O00400,A0056,R017,Data Module,,Proposal,18700.0,2026-06-30,,2026-08-07,25,63,,63.0,False,False,False,False,0.4
O00401,A0008,R015,Platform License,,Closed Won,91000.0,2026-06-20,2026-08-31,2026-08-31,1,73,72.0,72.0,True,True,False,False,0.44
O00402,A0105,R015,Professional Services,ZoomInfo List,Proposal,22800.0,2025-03-11,,2026-08-15,17,539,,539.0,False,False,False,False,0.47
O00403,A0034,R007,Support Add-on,,Closed Lost,16800.0,2025-05-19,2025-07-10,2025-07-09,419,470,52.0,52.0,True,False,False,False,0.42
O00404,A0085,R009,Professional Services,Referral,Closed Lost,22200.0,2025-06-04,2025-09-17,2025-09-14,352,454,105.0,105.0,True,False,False,False,0.58
O00405,A0134,R013,Support Add-on,Referral,Prospecting,8500.0,2025-12-28,,2026-08-18,14,247,,247.0,False,False,False,False,0.62
O00406,A0076,R014,Platform License,,Closed Lost,16500.0,2026-07-27,2026-08-31,2026-08-29,3,36,35.0,35.0,True,False,False,False,0.4
O00407,A0135,R008,Support Add-on,Outreach Sequence,Closed Lost,14200.0,2025-11-22,2025-12-26,2025-12-26,249,283,34.0,34.0,True,False,False,False,0.44
O00408,A0040,R001,Professional Services,LinkedIn Sales Nav,Closed Won,7300.0,2025-08-21,2025-11-15,2025-11-15,290,376,86.0,86.0,True,True,False,False,0.57
O00409,A0022,R002,Platform License,,Closed Won,64100.0,2025-10-03,2026-03-14,2026-03-09,176,333,162.0,162.0,True,True,False,False,0.49
O00410,A0079,R011,Platform License,Outreach Sequence,Proposal,38500.0,2025-09-23,,2026-08-29,3,343,,343.0,False,False,False,False,0.51
O00411,A0048,R001,Platform License,,Qualification,14500.0,2025-08-05,,2026-08-28,4,392,,392.0,False,False,False,False,0.49
O00412,A0105,R012,Professional Services,Outreach Sequence,Closed Lost,18600.0,2025-07-25,2025-09-29,2025-09-26,340,403,66.0,66.0,True,False,False,False,0.4
O00413,A0026,R018,Professional Services,ZoomInfo List,Proposal,12800.0,2025-09-21,,2026-08-24,8,345,,345.0,False,False,False,False,0.52
O00414,A0083,R007,Professional Services,ZoomInfo List,Qualification,65500.0,2025-04-26,,2026-08-15,17,493,,493.0,False,False,False,False,0.52
O00415,A0082,R018,Professional Services,Outreach Sequence,Closed Won,25700.0,2025-12-02,2026-01-09,2026-01-04,240,273,38.0,38.0,True,True,False,False,0.49
O00416,A0131,R016,Support Add-on,ZoomInfo List,Proposal,20400.0,2025-10-07,,2025-10-19,317,329,,329.0,False,False,True,False,0.47
O00417,A0035,R014,Professional Services,Inbound Web,Closed Won,10500.0,2026-07-17,2026-08-31,2026-08-31,1,46,45.0,45.0,True,True,False,False,0.54
O00418,A0079,R013,Professional Services,LinkedIn Sales Nav,Proposal,43100.0,2026-08-17,,2026-09-01,0,15,,15.0,False,False,False,False,0.57
O00419,A0103,R015,Professional Services,Referral,Closed Won,16700.0,2025-03-14,2025-03-28,2025-03-25,525,536,14.0,14.0,True,True,False,False,0.62
O00420,A0131,R001,Support Add-on,ZoomInfo List,Proposal,36000.0,2026-07-01,,2026-07-16,47,62,,62.0,False,False,True,False,0.47
O00421,A0072,R011,Platform License,Inbound Web,Negotiation,27700.0,2025-11-27,,2026-09-01,0,278,,278.0,False,False,False,False,0.65
O00422,A0096,R018,Professional Services,Inbound Web,Closed Won,68300.0,2025-03-29,2025-08-10,2025-08-06,391,521,134.0,134.0,True,True,False,False,0.63
O00423,A0068,R012,Professional Services,Referral,Proposal,13100.0,2025-05-20,,2025-06-06,452,469,,469.0,False,False,True,False,0.58
O00424,A0030,R009,Data Module,,Proposal,4000.0,2026-03-24,,2026-08-25,7,161,,161.0,False,False,False,False,0.36
O00425,A0096,R009,Platform License,,Closed Lost,5900.0,2025-12-11,2026-05-12,2026-05-10,114,264,152.0,152.0,True,False,False,False,0.4
O00426,A0089,R016,Data Module,,Qualification,18600.0,2026-04-13,,2026-08-12,20,141,,141.0,False,False,False,False,0.45
O00427,A0036,R012,Professional Services,Referral,Qualification,4500.0,2026-03-28,,2026-04-15,139,157,,157.0,False,False,True,False,0.58
O00428,A0064,R006,Professional Services,ZoomInfo List,Closed Lost,29200.0,2025-10-19,2026-02-16,2026-02-15,198,317,120.0,120.0,True,False,False,False,0.52
O00429,A0089,R006,Support Add-on,Outreach Sequence,Negotiation,8900.0,2026-05-02,,2026-08-08,24,122,,122.0,False,False,False,False,0.44
O00430,A0115,R013,Data Module,LinkedIn Sales Nav,Closed Lost,11400.0,2025-06-04,2025-07-22,2025-07-21,407,454,48.0,48.0,True,False,False,False,0.55
O00431,A0133,R017,Platform License,Referral,Proposal,7300.0,2025-12-01,,2025-12-02,273,274,,274.0,False,False,True,False,0.64
O00432,A0066,R016,Professional Services,Referral,Closed Won,25000.0,2025-05-08,2025-09-20,2025-09-17,349,481,135.0,135.0,True,True,False,False,0.67
O00433,A0059,R010,Professional Services,Outreach Sequence,Closed Won,9000.0,2025-07-09,2025-11-01,2025-10-31,305,419,115.0,115.0,True,True,False,False,0.4
O00434,A0067,R003,Professional Services,Outreach Sequence,Closed Lost,25500.0,2026-03-03,2026-06-04,2026-06-01,92,182,93.0,93.0,True,False,False,False,0.49
O00435,A0030,R007,Data Module,Outreach Sequence,Closed Won,9000.0,2025-08-07,2025-12-28,2025-12-28,247,390,143.0,143.0,True,True,False,False,0.47
O00436,A0110,R003,Professional Services,Referral,Closed Won,25900.0,2025-07-22,2025-12-11,2025-12-06,269,406,142.0,142.0,True,True,False,False,0.67
O00437,A0038,R006,Support Add-on,Inbound Web,Closed Lost,23200.0,2025-07-20,2025-11-25,2025-11-24,281,408,128.0,128.0,True,False,False,False,0.58
O00438,A0085,R011,Professional Services,Inbound Web,Qualification,21400.0,2025-05-26,,2026-08-10,22,463,,463.0,False,False,False,False,0.63
O00439,A0087,R005,Data Module,LinkedIn Sales Nav,Qualification,24100.0,2025-05-27,,2026-08-18,14,462,,462.0,False,False,False,False,0.46
O00440,A0006,R018,Professional Services,,Proposal,25400.0,2026-04-27,,2026-08-16,16,127,,127.0,False,False,False,False,0.47
O00441,A0031,R013,Data Module,Referral,Prospecting,25600.0,2025-08-07,,2026-08-11,21,390,,390.0,False,False,False,False,0.65
O00442,A0071,R015,Professional Services,ZoomInfo List,Qualification,2300.0,2026-07-10,,2026-07-16,47,53,,53.0,False,False,True,False,0.47
O00443,A0019,R004,Professional Services,Outreach Sequence,Qualification,47300.0,2025-12-15,,2026-09-01,0,260,,260.0,False,False,False,False,0.4
O00444,A0017,R013,Professional Services,ZoomInfo List,Qualification,8000.0,2025-05-01,,2026-08-25,7,488,,488.0,False,False,False,False,0.52
O00445,A0105,R014,Professional Services,Outreach Sequence,Proposal,4800.0,2026-02-23,,2026-02-25,188,190,,190.0,False,False,True,False,0.4
O00446,A0010,R009,Support Add-on,Outreach Sequence,Negotiation,4500.0,2026-07-12,,2026-08-13,19,51,,51.0,False,False,False,False,0.35
O00447,A0021,R002,Data Module,,Closed Won,31900.0,2025-08-28,2025-11-28,2025-11-26,279,369,92.0,92.0,True,True,False,False,0.45
O00448,A0014,R009,Data Module,Referral,Prospecting,10300.0,2026-06-26,,2026-07-10,53,67,,67.0,False,False,True,False,0.56
O00449,A0102,R014,Platform License,Outreach Sequence,Closed Lost,3000.0,2025-03-08,2025-07-05,2025-07-01,427,542,119.0,119.0,True,False,False,False,0.42
O00450,A0134,R016,Support Add-on,ZoomInfo List,Proposal,15800.0,2025-04-10,,2026-08-13,19,509,,509.0,False,False,False,False,0.47
O00451,A0124,R012,Professional Services,Outreach Sequence,Proposal,23300.0,2026-05-02,,2026-08-26,6,122,,122.0,False,False,False,False,0.4
O00452,A0016,R008,Data Module,Outreach Sequence,Proposal,17100.0,2025-09-24,,2025-10-01,335,342,,342.0,False,False,True,False,0.47
O00453,A0104,R012,Platform License,LinkedIn Sales Nav,Qualification,66900.0,2025-10-28,,2025-11-08,297,308,,308.0,False,False,True,False,0.5
O00454,A0092,R007,Professional Services,ZoomInfo List,Closed Lost,16700.0,2025-09-27,2026-02-05,2026-02-05,208,339,131.0,131.0,True,False,False,False,0.52
O00455,A0046,R003,Professional Services,,Closed Lost,41400.0,2025-05-17,2025-09-22,2025-09-19,347,472,128.0,128.0,True,False,False,False,0.47
O00456,A0039,R009,Support Add-on,Referral,Prospecting,10100.0,2025-10-12,,2026-08-07,25,324,,324.0,False,False,False,False,0.53
O00457,A0068,R012,Support Add-on,Outreach Sequence,Closed Lost,6300.0,2025-09-18,2026-02-21,2026-02-17,196,348,156.0,156.0,True,False,False,False,0.35
O00458,A0105,R001,Support Add-on,,Closed Won,5700.0,2025-10-13,2026-02-27,2026-02-26,187,323,137.0,137.0,True,True,False,False,0.42
O00459,A0085,R001,Professional Services,Referral,Qualification,59600.0,2025-10-26,,2026-08-30,2,310,,310.0,False,False,False,False,0.67
O00460,A0109,R016,Data Module,Referral,Negotiation,17900.0,2026-03-27,,2026-08-23,9,158,,158.0,False,False,False,False,0.65
O00461,A0088,R011,Platform License,Referral,Prospecting,10900.0,2026-04-18,,2026-08-16,16,136,,136.0,False,False,False,False,0.69
O00462,A0035,R012,Platform License,,Negotiation,14200.0,2026-06-03,,2026-08-11,21,90,,90.0,False,False,False,False,0.4
O00463,A0071,R017,Support Add-on,,Prospecting,18300.0,2026-01-29,,2026-08-08,24,215,,215.0,False,False,False,False,0.37
O00464,A0104,R013,Support Add-on,ZoomInfo List,Prospecting,15400.0,2026-03-23,,2026-04-04,150,162,,162.0,False,False,True,False,0.47
O00465,A0109,R010,Professional Services,,Prospecting,12300.0,2025-11-14,,2026-08-22,10,291,,291.0,False,False,False,False,0.38
O00466,A0119,R001,Professional Services,Outreach Sequence,Closed Won,51700.0,2025-05-06,2025-05-29,2025-05-29,460,483,23.0,23.0,True,True,False,False,0.49
O00467,A0018,R013,Data Module,Referral,Proposal,7200.0,2025-09-01,,2026-08-07,25,365,,365.0,False,False,False,False,0.65
O00468,A0130,R014,Professional Services,Outreach Sequence,Qualification,7200.0,2025-05-09,,2026-08-18,14,480,,480.0,False,False,False,False,0.4
O00469,A0120,R018,Professional Services,Referral,Closed Won,23900.0,2025-12-10,2026-03-13,2026-03-10,175,265,93.0,93.0,True,True,False,False,0.67
O00470,A0053,R008,Data Module,Outreach Sequence,Negotiation,28600.0,2025-09-06,,2026-08-13,19,360,,360.0,False,False,False,False,0.47
O00471,A0057,R001,Data Module,,Proposal,8200.0,2026-05-14,,2026-08-20,12,110,,110.0,False,False,False,False,0.45
O00472,A0047,R005,Professional Services,Referral,Closed Won,24800.0,2026-03-22,2026-05-24,2026-05-19,105,163,63.0,63.0,True,True,False,False,0.58
O00473,A0088,R002,Support Add-on,Referral,Proposal,11500.0,2026-01-02,,2026-08-14,18,242,,242.0,False,False,False,False,0.62
O00474,A0069,R016,Data Module,LinkedIn Sales Nav,Closed Won,20300.0,2026-05-24,2026-06-20,2026-06-16,77,100,27.0,27.0,True,True,False,False,0.55
O00475,A0006,R016,Support Add-on,Inbound Web,Proposal,18200.0,2026-06-30,,2026-08-12,20,63,,63.0,False,False,False,False,0.58
O00476,A0011,R003,Professional Services,Inbound Web,Proposal,9000.0,2025-03-05,,2025-03-16,534,545,,545.0,False,False,True,False,0.63
O00477,A0028,R017,Data Module,,Closed Lost,7500.0,2025-09-13,2025-10-25,2025-10-23,313,353,42.0,42.0,True,False,False,False,0.4
O00478,A0096,R012,Platform License,,Qualification,20800.0,2025-08-29,,2025-09-17,349,368,,368.0,False,False,True,False,0.4
O00479,A0134,R015,Data Module,Inbound Web,Prospecting,23300.0,2025-08-06,,2026-08-26,6,391,,391.0,False,False,False,False,0.56
O00480,A0003,R002,Data Module,ZoomInfo List,Closed Lost,31000.0,2025-11-09,2025-11-21,2025-11-21,284,296,12.0,12.0,True,False,False,False,0.5
O00481,A0072,R016,Data Module,,Closed Won,12600.0,2025-06-10,2025-12-01,2025-11-28,277,448,174.0,174.0,True,True,False,False,0.45
O00482,A0090,R017,Professional Services,Inbound Web,Proposal,7000.0,2025-03-28,,2026-08-27,5,522,,522.0,False,False,False,False,0.58
O00483,A0135,R015,Data Module,,Closed Won,22000.0,2026-01-01,2026-01-19,2026-01-19,225,243,18.0,18.0,True,True,False,False,0.4
O00484,A0117,R015,Platform License,Referral,Closed Won,19800.0,2025-04-25,2025-09-01,2025-08-28,369,494,129.0,129.0,True,True,False,False,0.64
O00485,A0129,R007,Professional Services,Inbound Web,Closed Won,29000.0,2026-06-13,2026-08-31,2026-08-29,3,80,79.0,79.0,True,True,False,False,0.63
O00486,A0139,R005,Data Module,Inbound Web,Closed Lost,21800.0,2025-03-25,2025-07-20,2025-07-18,410,525,117.0,117.0,True,False,False,False,0.52
O00487,A0060,R016,Support Add-on,ZoomInfo List,Closed Lost,10800.0,2026-07-26,2026-08-29,2026-08-29,3,37,34.0,34.0,True,False,False,False,0.47
O00488,A0103,R010,Platform License,,Closed Lost,3800.0,2025-11-06,2026-03-20,2026-03-20,165,299,134.0,134.0,True,False,False,False,0.4
O00489,A0115,R011,Support Add-on,LinkedIn Sales Nav,Qualification,10600.0,2026-04-18,,2026-04-22,132,136,,136.0,False,False,True,False,0.52
O00490,A0132,R015,Data Module,LinkedIn Sales Nav,Proposal,16300.0,2026-03-05,,2026-03-22,163,180,,180.0,False,False,True,False,0.5
O00491,A0123,R008,Platform License,ZoomInfo List,Closed Lost,28600.0,2026-03-27,2026-07-13,2026-07-12,51,158,108.0,108.0,True,False,False,False,0.54
O00492,A0020,R015,Professional Services,Referral,Prospecting,4300.0,2025-09-12,,2025-09-27,339,354,,354.0,False,False,True,False,0.62
O00493,A0039,R014,Data Module,,Proposal,12600.0,2026-01-04,,2026-01-21,223,240,,240.0,False,False,True,False,0.36
O00494,A0014,R007,Support Add-on,Inbound Web,Negotiation,34700.0,2025-08-05,,2026-08-29,3,392,,392.0,False,False,False,False,0.58
O00495,A0087,R002,Data Module,Referral,Qualification,20100.0,2025-11-25,,2025-12-14,261,280,,280.0,False,False,True,False,0.65
O00496,A0034,R002,Professional Services,Referral,Negotiation,14700.0,2025-09-20,,2026-08-11,21,346,,346.0,False,False,False,True,0.67
O00497,A0007,R007,Platform License,Inbound Web,Proposal,8000.0,2026-05-23,,2026-06-02,91,101,,101.0,False,False,True,False,0.65
O00498,A0077,R001,Platform License,Referral,Proposal,32400.0,2026-05-29,,2026-08-12,20,95,,95.0,False,False,False,False,0.69
O00499,A0058,R006,Platform License,Referral,Proposal,28500.0,2026-04-20,,2026-08-27,5,134,,134.0,False,False,False,False,0.69
O00500,A0124,R003,Support Add-on,LinkedIn Sales Nav,Prospecting,7500.0,2025-05-10,,2026-08-24,8,479,,479.0,False,False,False,False,0.52
O00501,A0083,R014,Support Add-on,ZoomInfo List,Prospecting,20500.0,2026-06-17,,2026-06-19,74,76,,76.0,False,False,True,False,0.38
O00502,A0023,R004,Professional Services,Inbound Web,Negotiation,23500.0,2026-06-21,,2026-08-12,20,72,,72.0,False,False,False,False,0.54
O00503,A0003,R016,Data Module,ZoomInfo List,Closed Lost,6100.0,2026-05-15,2026-06-02,2026-06-02,91,109,18.0,18.0,True,False,False,False,0.5
O00504,A0068,R013,Data Module,Outreach Sequence,Proposal,16700.0,2025-04-09,,2026-08-24,8,510,,510.0,False,False,False,False,0.47
O00505,A0051,R005,Data Module,Referral,Negotiation,24900.0,2026-08-28,,2026-08-20,12,4,,4.0,False,False,False,False,0.56
O00506,A0125,R014,Professional Services,Outreach Sequence,Closed Lost,12200.0,2025-08-03,2025-09-13,2025-09-09,357,394,41.0,41.0,True,False,False,False,0.4
O00507,A0066,R017,Support Add-on,,Proposal,18800.0,2025-10-25,,2025-11-12,293,311,,311.0,False,False,True,False,0.37
O00508,A0136,R003,Platform License,Inbound Web,Prospecting,117400.0,2025-11-08,,2026-08-11,21,297,,297.0,False,False,False,False,0.65
O00509,A0049,R005,Platform License,,Negotiation,18950.0,2025-08-29,,2026-08-28,4,368,,368.0,False,False,False,True,0.4
O00510,A0095,R002,Professional Services,Inbound Web,Qualification,46600.0,2025-07-29,,2026-08-07,25,399,,399.0,False,False,False,False,0.63
O00511,A0097,R005,Platform License,LinkedIn Sales Nav,Proposal,27000.0,2026-07-05,,2026-07-22,41,58,,58.0,False,False,True,False,0.5
O00512,A0010,R010,Professional Services,Outreach Sequence,Closed Lost,14500.0,2026-07-25,2026-08-27,2026-08-27,5,38,33.0,33.0,True,False,False,False,0.4
O00513,A0072,R016,Platform License,ZoomInfo List,Closed Lost,37300.0,2026-07-11,2026-08-27,2026-08-26,6,52,47.0,47.0,True,False,False,False,0.54
O00514,A0123,R001,Platform License,Outreach Sequence,Proposal,117300.0,2025-04-09,,2026-08-19,13,510,,510.0,False,False,False,False,0.51
O00515,A0027,R016,Support Add-on,Outreach Sequence,Negotiation,1800.0,2026-04-13,,2026-08-14,18,141,,141.0,False,False,False,False,0.44
O00516,A0067,R009,Platform License,LinkedIn Sales Nav,Closed Won,45700.0,2026-04-09,2026-08-30,2026-08-27,5,145,143.0,143.0,True,True,False,False,0.5
O00517,A0117,R001,Professional Services,Outreach Sequence,Closed Won,14700.0,2025-08-11,2025-09-10,2025-09-10,356,386,30.0,30.0,True,True,False,True,0.49
O00518,A0118,R006,Support Add-on,Inbound Web,Closed Won,16000.0,2025-05-01,2025-09-21,2025-09-18,348,488,143.0,143.0,True,True,False,False,0.58
O00519,A0003,R014,Platform License,Referral,Closed Lost,9500.0,2026-02-28,2026-08-17,2026-08-15,17,185,170.0,170.0,True,False,False,False,0.6
O00520,A0013,R010,Professional Services,ZoomInfo List,Closed Lost,3000.0,2026-05-03,2026-08-27,2026-08-26,6,121,116.0,116.0,True,False,False,False,0.43
O00521,A0051,R011,Support Add-on,Outreach Sequence,Prospecting,27800.0,2026-02-14,,2026-08-27,5,199,,199.0,False,False,False,False,0.44
O00522,A0013,R012,Platform License,,Qualification,1200.0,2025-08-24,,2026-08-08,24,373,,373.0,False,False,False,False,0.4
O00523,A0006,R008,Platform License,Referral,Prospecting,3900.0,2026-03-04,,2026-03-12,173,181,,181.0,False,False,True,False,0.69
O00524,A0136,R010,Data Module,ZoomInfo List,Prospecting,2100.0,2025-10-02,,2025-10-16,320,334,,334.0,False,False,True,False,0.41
O00525,A0036,R008,Professional Services,Outreach Sequence,Prospecting,9400.0,2025-05-06,,2025-05-26,463,483,,483.0,False,False,True,False,0.49
O00526,A0069,R002,Support Add-on,ZoomInfo List,Closed Lost,33400.0,2025-05-20,2025-07-20,2025-07-18,410,469,61.0,61.0,True,False,False,False,0.47
O00527,A0118,R010,Support Add-on,ZoomInfo List,Closed Lost,21200.0,2026-05-10,2026-08-15,2026-08-14,18,114,97.0,97.0,True,False,False,False,0.38
O00528,A0097,R008,Professional Services,Referral,Negotiation,18000.0,2026-01-08,,2026-08-26,6,236,,236.0,False,False,False,False,0.67
O00529,A0081,R002,Support Add-on,Outreach Sequence,Closed Won,15500.0,2025-06-19,2025-10-18,2025-10-14,322,439,121.0,121.0,True,True,False,False,0.44
O00530,A0134,R001,Platform License,Inbound Web,Qualification,13800.0,2026-07-17,,2026-08-03,29,46,,46.0,False,False,False,False,0.65
O00531,A0110,R017,Data Module,Inbound Web,Proposal,10700.0,2025-12-28,,2026-08-26,6,247,,247.0,False,False,False,False,0.56
O00532,A0084,R018,Professional Services,,Proposal,19100.0,2026-05-31,,2026-08-14,18,93,,93.0,False,False,False,False,0.47
O00533,A0036,R012,Data Module,Inbound Web,Closed Won,28500.0,2026-04-12,2026-08-28,2026-08-23,9,142,138.0,138.0,True,True,False,False,0.52
O00534,A0096,R014,Data Module,,Qualification,39600.0,2025-09-25,,2026-08-13,19,341,,341.0,False,False,False,False,0.36
O00535,A0105,R015,Platform License,Referral,Closed Won,6100.0,2025-09-22,2025-10-15,2025-10-15,321,344,23.0,23.0,True,True,False,False,0.64
O00536,A0035,R014,Platform License,LinkedIn Sales Nav,Qualification,23200.0,2025-08-21,,2026-08-08,24,376,,376.0,False,False,False,False,0.5
O00537,A0086,R014,Professional Services,Referral,Proposal,9000.0,2026-05-07,,2026-08-10,22,117,,117.0,False,False,False,False,0.58
O00538,A0068,R012,Support Add-on,LinkedIn Sales Nav,Qualification,7900.0,2025-12-01,,2025-12-13,262,274,,274.0,False,False,True,False,0.43
O00539,A0115,R003,Data Module,,Qualification,18400.0,2025-03-05,,2026-08-21,11,545,,545.0,False,False,False,False,0.45
O00540,A0105,R001,Professional Services,Inbound Web,Negotiation,30700.0,2026-06-03,,2026-08-30,2,90,,90.0,False,False,False,False,0.63
O00541,A0102,R008,Platform License,,Negotiation,6400.0,2026-04-02,,2026-09-01,0,152,,152.0,False,False,False,False,0.49
O00542,A0085,R013,Data Module,LinkedIn Sales Nav,Proposal,17300.0,2025-06-27,,2025-06-28,430,431,,431.0,False,False,True,False,0.55
O00543,A0090,R015,Support Add-on,Inbound Web,Proposal,6000.0,2025-09-14,,2026-08-10,22,352,,352.0,False,False,False,False,0.53
O00544,A0022,R013,Data Module,LinkedIn Sales Nav,Closed Won,8100.0,2026-04-18,2026-06-25,2026-06-22,71,136,68.0,68.0,True,True,False,False,0.55
O00545,A0095,R017,Platform License,ZoomInfo List,Negotiation,22600.0,2025-09-04,,2026-08-10,22,362,,362.0,False,False,False,False,0.49
O00546,A0083,R013,Professional Services,,Prospecting,21900.0,2026-03-27,,2026-08-18,14,158,,158.0,False,False,False,False,0.47
O00547,A0079,R005,Professional Services,Referral,Negotiation,7300.0,2026-07-27,,2026-08-15,17,36,,36.0,False,False,False,False,0.58
O00548,A0008,R017,Platform License,Outreach Sequence,Closed Lost,18950.0,2025-07-13,2025-10-12,2025-10-11,325,415,91.0,91.0,True,False,False,True,0.46
O00549,A0051,R001,Support Add-on,Inbound Web,Closed Lost,13000.0,2025-11-08,2026-04-11,2026-04-06,148,297,154.0,154.0,True,False,False,False,0.58
O00550,A0034,R011,Support Add-on,,Closed Lost,10200.0,2026-05-08,2026-08-31,2026-08-29,3,116,115.0,115.0,True,False,False,True,0.42
O00551,A0007,R013,Data Module,LinkedIn Sales Nav,Proposal,10400.0,2026-05-29,,2026-08-25,7,95,,95.0,False,False,False,False,0.55
O00552,A0107,R007,Professional Services,Outreach Sequence,Qualification,26000.0,2026-06-07,,2026-08-16,16,86,,86.0,False,False,False,False,0.49
O00553,A0081,R009,Support Add-on,Referral,Closed Lost,2700.0,2025-03-26,2025-07-15,2025-07-14,414,524,111.0,111.0,True,False,False,False,0.53
O00554,A0136,R009,Support Add-on,Inbound Web,Qualification,17000.0,2025-08-15,,2026-08-15,17,382,,382.0,False,False,False,False,0.49
O00555,A0081,R002,Data Module,Inbound Web,Proposal,11100.0,2025-11-09,,2026-08-19,13,296,,296.0,False,False,False,False,0.61
O00556,A0025,R014,Professional Services,ZoomInfo List,Negotiation,201800.0,2025-10-25,,2025-11-13,292,311,,311.0,False,False,True,False,0.43
O00557,A0103,R005,Platform License,Inbound Web,Qualification,27200.0,2025-11-25,,2026-08-28,4,280,,280.0,False,False,False,False,0.56
O00558,A0118,R002,Support Add-on,Referral,Negotiation,11200.0,2025-04-16,,2025-05-04,485,503,,503.0,False,False,True,False,0.62
O00559,A0019,R004,Platform License,Outreach Sequence,Negotiation,23400.0,2026-03-27,,2026-08-12,20,158,,158.0,False,False,False,False,0.42
O00560,A0018,R003,Data Module,ZoomInfo List,Closed Lost,13000.0,2025-04-15,2025-05-25,2025-05-23,466,504,40.0,40.0,True,False,False,False,0.5
O00561,A0108,R004,Support Add-on,Referral,Negotiation,2400.0,2025-04-26,,2026-08-10,22,493,,493.0,False,False,False,False,0.53
O00562,A0066,R009,Platform License,LinkedIn Sales Nav,Prospecting,13300.0,2026-03-18,,2026-08-28,4,167,,167.0,False,False,False,False,0.5
O00563,A0041,R011,Support Add-on,LinkedIn Sales Nav,Negotiation,25700.0,2025-06-28,,2025-07-15,413,430,,430.0,False,False,True,False,0.52
O00564,A0117,R007,Professional Services,,Closed Lost,14600.0,2026-02-25,2026-07-24,2026-07-22,41,188,149.0,149.0,True,False,False,False,0.47
O00565,A0119,R011,Support Add-on,,Proposal,9300.0,2025-08-25,,2025-09-11,355,372,,372.0,False,False,True,False,0.42
O00566,A0127,R002,Data Module,LinkedIn Sales Nav,Prospecting,6800.0,2026-03-18,,2026-08-07,25,167,,167.0,False,False,False,False,0.55
O00567,A0058,R007,Data Module,Inbound Web,Prospecting,18900.0,2026-06-14,,2026-08-23,9,79,,79.0,False,False,False,False,0.61
O00568,A0021,R003,Data Module,Referral,Closed Won,7300.0,2025-03-14,2025-03-31,2025-03-26,524,536,17.0,17.0,True,True,False,False,0.65
O00569,A0120,R006,Professional Services,,Closed Won,63000.0,2026-04-08,2026-05-21,2026-05-21,103,146,43.0,43.0,True,True,False,False,0.47
O00570,A0004,R018,Platform License,Outreach Sequence,Closed Won,28000.0,2025-04-23,2025-05-11,2025-05-06,483,496,18.0,18.0,True,True,False,False,0.51
O00571,A0007,R007,Data Module,Outreach Sequence,Qualification,31600.0,2025-12-15,,2026-08-07,25,260,,260.0,False,False,False,False,0.47
O00572,A0015,R018,Professional Services,ZoomInfo List,Prospecting,2100.0,2025-09-06,,2026-08-21,11,360,,360.0,False,False,False,False,0.52
O00573,A0020,R004,Platform License,Outreach Sequence,Proposal,18950.0,2026-08-17,,2026-09-04,-3,15,,15.0,False,False,False,True,0.42
O00574,A0074,R011,Professional Services,Referral,Proposal,18000.0,2025-05-02,,2026-08-29,3,487,,487.0,False,False,False,False,0.67
O00575,A0104,R008,Data Module,Inbound Web,Qualification,16600.0,2026-01-24,,2026-01-28,216,220,,220.0,False,False,True,False,0.61
O00576,A0038,R001,Support Add-on,,Prospecting,32100.0,2025-11-09,,2026-08-20,12,296,,296.0,False,False,False,False,0.42
O00577,A0076,R010,Data Module,ZoomInfo List,Negotiation,38900.0,2025-07-10,,2026-08-07,25,418,,418.0,False,False,False,False,0.41
O00578,A0067,R013,Professional Services,Outreach Sequence,Qualification,38900.0,2025-04-15,,2026-08-30,2,504,,504.0,False,False,False,False,0.49
O00579,A0128,R018,Data Module,,Closed Lost,36700.0,2026-05-19,2026-06-14,2026-06-12,81,105,26.0,26.0,True,False,False,False,0.45
O00580,A0006,R009,Professional Services,Referral,Negotiation,9700.0,2025-07-14,,2026-08-08,24,414,,414.0,False,False,False,False,0.58
O00581,A0070,R002,Data Module,LinkedIn Sales Nav,Negotiation,19800.0,2025-05-01,,2026-08-28,4,488,,488.0,False,False,False,False,0.55
O00582,A0136,R004,Platform License,LinkedIn Sales Nav,Proposal,7000.0,2025-04-17,,2025-04-19,500,502,,502.0,False,False,True,False,0.5
O00583,A0102,R003,Platform License,ZoomInfo List,Qualification,45500.0,2025-08-05,,2026-08-29,3,392,,392.0,False,False,False,False,0.54
O00584,A0098,R002,Data Module,ZoomInfo List,Qualification,13500.0,2025-11-04,,2026-08-07,25,301,,301.0,False,False,False,False,0.5
O00585,A0041,R015,Platform License,Inbound Web,Qualification,18950.0,2026-05-02,,2026-08-31,1,122,,122.0,False,False,False,True,0.6
O00586,A0103,R011,Professional Services,Inbound Web,Proposal,81600.0,2025-06-16,,2026-08-14,18,442,,442.0,False,False,False,False,0.63
O00587,A0124,R014,Data Module,Referral,Qualification,17700.0,2026-03-24,,2026-08-20,12,161,,161.0,False,False,False,False,0.56
O00588,A0065,R009,Support Add-on,LinkedIn Sales Nav,Prospecting,10200.0,2026-06-30,,2026-07-19,44,63,,63.0,False,False,True,True,0.43
O00589,A0067,R011,Data Module,Outreach Sequence,Qualification,3700.0,2025-06-19,,2025-06-27,431,439,,439.0,False,False,True,False,0.47
O00590,A0121,R004,Platform License,,Closed Won,22000.0,2026-06-25,2026-07-10,2026-07-06,57,68,15.0,15.0,True,True,False,False,0.4
O00591,A0019,R013,Data Module,Referral,Closed Won,16100.0,2025-03-22,2025-08-29,2025-08-29,368,528,160.0,160.0,True,True,False,False,0.65
O00592,A0104,R012,Data Module,LinkedIn Sales Nav,Closed Won,14500.0,2026-05-23,2026-08-27,2026-08-24,8,101,96.0,96.0,True,True,False,False,0.46
O00593,A0061,R012,Professional Services,Referral,Qualification,9100.0,2025-10-29,,2026-08-07,25,307,,307.0,False,False,False,False,0.58
O00594,A0071,R016,Support Add-on,LinkedIn Sales Nav,Proposal,9900.0,2026-07-14,,2026-08-30,2,49,,49.0,False,False,False,False,0.52
O00595,A0104,R003,Support Add-on,LinkedIn Sales Nav,Qualification,7100.0,2026-06-24,,2026-06-27,66,69,,69.0,False,False,True,False,0.52
O00596,A0124,R011,Support Add-on,Inbound Web,Qualification,4000.0,2025-10-15,,2026-08-11,21,321,,321.0,False,False,False,False,0.58
O00597,A0032,R008,Platform License,,Closed Lost,23200.0,2025-03-21,2025-09-16,2025-09-11,355,529,179.0,179.0,True,False,False,False,0.49
O00598,A0108,R003,Data Module,Referral,Qualification,17100.0,2026-07-01,,2026-07-11,52,62,,62.0,False,False,True,False,0.65
O00599,A0055,R009,Support Add-on,Outreach Sequence,Closed Won,17700.0,2026-02-04,2026-07-29,2026-07-28,35,209,175.0,175.0,True,True,False,False,0.35
O00600,A0039,R014,Data Module,ZoomInfo List,Prospecting,46200.0,2026-05-07,,2026-08-15,17,117,,117.0,False,False,False,False,0.41
O00601,A0008,R004,Platform License,ZoomInfo List,Prospecting,4800.0,2026-03-21,,2026-08-27,5,164,,164.0,False,False,False,False,0.45
O00602,A0049,R002,Data Module,Outreach Sequence,Closed Won,16100.0,2026-07-06,2026-08-01,2026-07-29,34,57,26.0,26.0,True,True,False,False,0.47
O00603,A0082,R007,Data Module,,Proposal,6200.0,2026-04-10,,2026-08-16,16,144,,144.0,False,False,False,False,0.45
O00604,A0021,R018,Data Module,Outreach Sequence,Proposal,28200.0,2025-12-31,,2026-01-19,225,244,,244.0,False,False,True,False,0.47
O00605,A0076,R014,Data Module,ZoomInfo List,Prospecting,10100.0,2026-04-06,,2026-08-24,8,148,,148.0,False,False,False,False,0.41
O00606,A0031,R001,Data Module,Referral,Closed Won,23200.0,2025-08-13,2025-12-22,2025-12-17,258,384,131.0,131.0,True,True,False,False,0.65
O00607,A0110,R014,Professional Services,LinkedIn Sales Nav,Closed Lost,14700.0,2025-05-02,2025-10-24,2025-10-20,316,487,175.0,175.0,True,False,False,True,0.48
O00608,A0081,R013,Professional Services,LinkedIn Sales Nav,Negotiation,6900.0,2025-08-03,,2026-08-11,21,394,,394.0,False,False,False,False,0.57
O00609,A0135,R017,Data Module,Inbound Web,Closed Won,12200.0,2026-08-23,2026-08-31,2026-08-30,2,9,8.0,8.0,True,True,False,False,0.56
O00610,A0109,R015,Data Module,,Closed Lost,10500.0,2025-10-11,2025-10-29,2025-10-27,309,325,18.0,18.0,True,False,False,False,0.4
O00611,A0134,R002,Data Module,,Closed Won,12400.0,2025-07-05,2025-08-09,2025-08-08,389,423,35.0,35.0,True,True,False,False,0.45
O00612,A0128,R018,Support Add-on,Inbound Web,Prospecting,9600.0,2025-10-01,,2026-08-27,5,335,,335.0,False,False,False,False,0.58
O00613,A0105,R018,Platform License,Inbound Web,Qualification,36400.0,2026-02-08,,2026-02-16,197,205,,205.0,False,False,True,False,0.65
O00614,A0037,R016,Data Module,LinkedIn Sales Nav,Proposal,60100.0,2025-05-26,,2025-06-14,444,463,,463.0,False,False,True,False,0.55
O00615,A0128,R006,Professional Services,Outreach Sequence,Qualification,22200.0,2025-07-03,,2026-08-14,18,425,,425.0,False,False,False,False,0.49
O00616,A0044,R004,Professional Services,Outreach Sequence,Proposal,10500.0,2025-05-15,,2025-06-04,454,474,,474.0,False,False,True,False,0.4
O00617,A0082,R004,Professional Services,Outreach Sequence,Proposal,8000.0,2025-08-20,,2026-08-19,13,377,,377.0,False,False,False,False,0.4
O00618,A0026,R013,Data Module,Outreach Sequence,Closed Won,16800.0,2026-01-14,2026-04-07,2026-04-02,152,230,83.0,83.0,True,True,False,False,0.47
O00619,A0064,R017,Data Module,ZoomInfo List,Closed Won,42800.0,2026-01-23,2026-05-20,2026-05-19,105,221,117.0,117.0,True,True,False,False,0.45
O00620,A0120,R007,Platform License,LinkedIn Sales Nav,Qualification,48400.0,2025-12-06,,2026-08-11,21,269,,269.0,False,False,False,False,0.59
O00621,A0085,R006,Platform License,Inbound Web,Closed Lost,21100.0,2026-04-17,2026-06-20,2026-06-15,78,137,64.0,64.0,True,False,False,False,0.65
O00622,A0137,R009,Support Add-on,Outreach Sequence,Prospecting,8700.0,2026-05-26,,2026-08-21,11,98,,98.0,False,False,False,False,0.35
O00623,A0058,R004,Platform License,LinkedIn Sales Nav,Qualification,19200.0,2025-04-02,,2026-08-28,4,517,,517.0,False,False,False,False,0.5
O00624,A0019,R017,Professional Services,LinkedIn Sales Nav,Negotiation,4300.0,2026-03-11,,2026-03-22,163,174,,174.0,False,False,True,False,0.52
O00625,A0104,R009,Professional Services,LinkedIn Sales Nav,Negotiation,3200.0,2026-05-04,,2026-08-24,8,120,,120.0,False,False,False,False,0.48
O00626,A0140,R017,Support Add-on,LinkedIn Sales Nav,Qualification,7600.0,2025-12-04,,2025-12-20,255,271,,271.0,False,False,True,False,0.47
O00627,A0115,R011,Data Module,Outreach Sequence,Prospecting,18100.0,2026-02-19,,2026-08-27,5,194,,194.0,False,False,False,False,0.47
O00628,A0081,R004,Platform License,Inbound Web,Negotiation,14400.0,2026-07-21,,2026-08-17,15,42,,42.0,False,False,False,False,0.56
O00629,A0041,R002,Platform License,LinkedIn Sales Nav,Qualification,6500.0,2026-05-28,,2026-08-24,8,96,,96.0,False,False,False,False,0.59
O00630,A0047,R001,Platform License,Referral,Prospecting,18950.0,2026-02-28,,2026-08-22,10,185,,185.0,False,False,False,True,0.69
O00631,A0043,R014,Data Module,LinkedIn Sales Nav,Closed Won,16300.0,2026-05-15,2026-08-28,2026-08-25,7,109,105.0,105.0,True,True,False,False,0.46
O00632,A0090,R013,Platform License,LinkedIn Sales Nav,Negotiation,18800.0,2026-07-18,,2026-08-09,23,45,,45.0,False,False,False,False,0.59
O00633,A0122,R013,Professional Services,Outreach Sequence,Prospecting,43600.0,2025-11-15,,2026-08-13,19,290,,290.0,False,False,False,False,0.49
O00634,A0008,R009,Support Add-on,ZoomInfo List,Closed Lost,8700.0,2025-12-29,2026-01-13,2026-01-12,232,246,15.0,15.0,True,False,False,False,0.38
O00635,A0003,R008,Support Add-on,,Qualification,11800.0,2026-03-27,,2026-08-23,9,158,,158.0,False,False,False,False,0.42
O00636,A0078,R018,Support Add-on,,Closed Lost,37500.0,2026-05-25,2026-08-28,2026-08-25,7,99,95.0,95.0,True,False,False,False,0.42
O00637,A0088,R003,Platform License,Inbound Web,Qualification,11600.0,2025-08-19,,2025-09-05,361,378,,378.0,False,False,True,False,0.65
O00638,A0019,R011,Professional Services,,Closed Lost,42000.0,2026-03-26,2026-06-18,2026-06-15,78,159,84.0,84.0,True,False,False,False,0.47
O00639,A0125,R016,Support Add-on,ZoomInfo List,Closed Won,39600.0,2026-04-23,2026-08-28,2026-08-26,6,131,127.0,127.0,True,True,False,False,0.47
O00640,A0037,R011,Platform License,Referral,Qualification,24200.0,2026-05-13,,2026-08-14,18,111,,111.0,False,False,False,False,0.69
O00641,A0041,R011,Support Add-on,Referral,Closed Won,10200.0,2026-06-09,2026-08-03,2026-08-02,30,84,55.0,55.0,True,True,False,False,0.62
O00642,A0096,R017,Platform License,Inbound Web,Proposal,26100.0,2025-10-31,,2026-08-07,25,305,,305.0,False,False,False,False,0.6
O00643,A0127,R013,Professional Services,ZoomInfo List,Closed Lost,14700.0,2026-06-12,2026-08-27,2026-08-27,5,81,76.0,76.0,True,False,False,True,0.52
O00644,A0135,R008,Platform License,ZoomInfo List,Qualification,5800.0,2025-04-30,,2026-08-13,19,489,,489.0,False,False,False,False,0.54
O00645,A0124,R018,Support Add-on,,Closed Won,16300.0,2025-07-23,2025-08-05,2025-08-04,393,405,13.0,13.0,True,True,False,False,0.42
O00646,A0043,R003,Professional Services,Outreach Sequence,Prospecting,8100.0,2026-01-29,,2026-08-12,20,215,,215.0,False,False,False,False,0.49
O00647,A0115,R008,Platform License,LinkedIn Sales Nav,Qualification,55600.0,2025-05-14,,2025-05-19,470,475,,475.0,False,False,True,False,0.59
O00648,A0006,R017,Data Module,Inbound Web,Closed Lost,6600.0,2026-08-11,2026-08-27,2026-08-24,8,21,16.0,16.0,True,False,False,False,0.56
O00649,A0101,R002,Platform License,,Closed Lost,59500.0,2025-06-15,2025-07-04,2025-07-01,427,443,19.0,19.0,True,False,False,False,0.49
O00650,A0097,R005,Professional Services,,Qualification,2100.0,2026-06-30,,2026-08-24,8,63,,63.0,False,False,False,False,0.38
O00651,A0104,R008,Data Module,Outreach Sequence,Proposal,7100.0,2025-04-12,,2026-09-01,0,507,,507.0,False,False,False,False,0.47
O00652,A0022,R002,Data Module,LinkedIn Sales Nav,Prospecting,8600.0,2025-06-09,,2026-08-10,22,449,,449.0,False,False,False,False,0.55
O00653,A0046,R008,Support Add-on,,Closed Lost,22700.0,2025-07-28,2025-12-05,2025-12-04,271,400,130.0,130.0,True,False,False,False,0.42
O00654,A0115,R010,Platform License,,Prospecting,11500.0,2025-04-24,,2025-05-08,481,495,,495.0,False,False,True,False,0.4
O00655,A0047,R017,Support Add-on,ZoomInfo List,Negotiation,2900.0,2026-01-29,,2026-08-21,11,215,,215.0,False,False,False,False,0.42
O00656,A0053,R001,Platform License,Outreach Sequence,Proposal,12500.0,2025-09-20,,2026-08-17,15,346,,346.0,False,False,False,False,0.51
O00657,A0043,R011,Support Add-on,Outreach Sequence,Closed Lost,8100.0,2025-12-01,2025-12-23,2025-12-20,255,274,22.0,22.0,True,False,False,False,0.44
O00658,A0085,R011,Platform License,Referral,Closed Won,6400.0,2026-05-19,2026-07-10,2026-07-05,58,105,52.0,52.0,True,True,False,False,0.69
O00659,A0113,R010,Support Add-on,ZoomInfo List,Closed Lost,11200.0,2025-11-05,2025-12-10,2025-12-09,266,300,35.0,35.0,True,False,False,False,0.38
O00660,A0009,R014,Professional Services,Outreach Sequence,Qualification,9000.0,2026-02-06,,2026-02-22,191,207,,207.0,False,False,True,False,0.4
O00661,A0024,R008,Platform License,LinkedIn Sales Nav,Closed Won,19000.0,2025-08-15,2025-10-02,2025-09-28,338,382,48.0,48.0,True,True,False,False,0.59
O00662,A0111,R010,Professional Services,Inbound Web,Closed Lost,6500.0,2025-07-04,2025-07-21,2025-07-18,410,424,17.0,17.0,True,False,False,False,0.54
O00663,A0071,R007,Platform License,Outreach Sequence,Negotiation,25900.0,2025-09-19,,2026-08-20,12,347,,347.0,False,False,False,False,0.51
O00664,A0129,R006,Platform License,,Closed Won,18950.0,2025-03-17,2025-06-15,2025-06-13,445,533,90.0,90.0,True,True,False,True,0.49
O00665,A0070,R014,Professional Services,,Prospecting,4800.0,2025-07-14,,2026-08-07,25,414,,414.0,False,False,False,False,0.38
O00666,A0038,R015,Professional Services,LinkedIn Sales Nav,Qualification,4300.0,2026-06-06,,2026-08-28,4,87,,87.0,False,False,False,False,0.52
O00667,A0099,R009,Professional Services,Outreach Sequence,Qualification,35100.0,2025-03-26,,2025-03-27,523,524,,524.0,False,False,True,False,0.4
O00668,A0129,R015,Professional Services,LinkedIn Sales Nav,Closed Won,16800.0,2025-06-25,2025-10-08,2025-10-06,330,433,105.0,105.0,True,True,False,False,0.52
O00669,A0004,R007,Platform License,Outreach Sequence,Proposal,17700.0,2026-04-26,,2026-08-25,7,128,,128.0,False,False,False,False,0.51
O00670,A0092,R013,Support Add-on,LinkedIn Sales Nav,Proposal,27600.0,2025-11-13,,2026-08-10,22,292,,292.0,False,False,False,False,0.52
O00671,A0088,R006,Platform License,LinkedIn Sales Nav,Proposal,12700.0,2025-03-21,,2026-08-28,4,529,,529.0,False,False,False,False,0.59
O00672,A0051,R006,Platform License,Outreach Sequence,Prospecting,19600.0,2026-06-29,,2026-08-21,11,64,,64.0,False,False,False,False,0.51
O00673,A0045,R007,Data Module,LinkedIn Sales Nav,Negotiation,11900.0,2025-04-08,,2026-08-17,15,511,,511.0,False,False,False,False,0.55
O00674,A0101,R010,Professional Services,ZoomInfo List,Proposal,91800.0,2025-04-01,,2026-08-16,16,518,,518.0,False,False,False,False,0.43
O00675,A0088,R006,Professional Services,Inbound Web,Prospecting,15500.0,2025-05-04,,2026-08-29,3,485,,485.0,False,False,False,False,0.63
O00676,A0132,R005,Platform License,Outreach Sequence,Prospecting,17200.0,2025-08-18,,2025-08-28,369,379,,379.0,False,False,True,False,0.42
O00677,A0132,R009,Support Add-on,Inbound Web,Closed Won,12100.0,2026-08-03,2026-08-25,2026-08-23,9,29,22.0,22.0,True,True,False,False,0.49
O00678,A0022,R006,Professional Services,,Qualification,15600.0,2025-04-18,,2026-08-19,13,501,,501.0,False,False,False,False,0.47
O00679,A0106,R011,Data Module,LinkedIn Sales Nav,Proposal,11100.0,2025-08-10,,2025-08-15,382,387,,387.0,False,False,True,False,0.55
O00680,A0017,R012,Data Module,,Proposal,6800.0,2025-05-29,,2026-08-11,21,460,,460.0,False,False,False,False,0.36
O00681,A0088,R010,Professional Services,Inbound Web,Negotiation,7900.0,2025-09-18,,2026-08-12,20,348,,348.0,False,False,False,False,0.54
O00682,A0036,R013,Platform License,Referral,Prospecting,5800.0,2025-10-19,,2025-11-08,297,317,,317.0,False,False,True,False,0.69
O00683,A0131,R004,Professional Services,Inbound Web,Closed Won,11200.0,2025-04-04,2025-04-18,2025-04-16,503,515,14.0,14.0,True,True,False,False,0.54
O00684,A0116,R008,Data Module,Outreach Sequence,Prospecting,6600.0,2025-10-07,,2025-10-13,323,329,,329.0,False,False,True,False,0.47
O00685,A0096,R016,Data Module,LinkedIn Sales Nav,Prospecting,10100.0,2026-05-30,,2026-06-05,88,94,,94.0,False,False,True,False,0.55
O00686,A0001,R016,Professional Services,LinkedIn Sales Nav,Prospecting,15300.0,2025-07-10,,2025-07-12,416,418,,418.0,False,False,True,False,0.57
O00687,A0139,R011,Support Add-on,ZoomInfo List,Closed Won,3800.0,2025-07-05,2025-07-28,2025-07-27,401,423,23.0,23.0,True,True,False,False,0.47
O00688,A0009,R015,Data Module,Referral,Prospecting,54800.0,2025-04-02,,2025-04-20,499,517,,517.0,False,False,True,False,0.6
O00689,A0068,R002,Platform License,Inbound Web,Closed Won,30500.0,2026-01-04,2026-03-18,2026-03-14,171,240,73.0,73.0,True,True,False,False,0.65
O00690,A0088,R003,Support Add-on,Referral,Negotiation,25400.0,2025-07-11,,2025-07-16,412,417,,417.0,False,False,True,False,0.62
O00691,A0002,R005,Professional Services,Referral,Closed Won,19100.0,2025-06-24,2025-07-04,2025-07-01,427,434,10.0,10.0,True,True,False,False,0.58
O00692,A0046,R014,Professional Services,Outreach Sequence,Closed Lost,28400.0,2026-07-01,2026-08-29,2026-08-24,8,62,59.0,59.0,True,False,False,False,0.4
O00693,A0125,R003,Platform License,ZoomInfo List,Qualification,31600.0,2026-06-21,,2026-08-09,23,72,,72.0,False,False,False,False,0.54
O00694,A0043,R012,Data Module,ZoomInfo List,Closed Won,2600.0,2025-04-02,2025-09-21,2025-09-19,347,517,172.0,172.0,True,True,False,False,0.41
O00695,A0046,R006,Support Add-on,ZoomInfo List,Qualification,6100.0,2025-10-06,,2025-10-11,325,330,,330.0,False,False,True,False,0.47
O00696,A0133,R003,Data Module,Outreach Sequence,Qualification,7800.0,2026-08-22,,2026-08-08,24,10,,10.0,False,False,False,False,0.47
O00697,A0039,R016,Platform License,Referral,Closed Lost,18900.0,2026-07-31,2026-08-29,2026-08-26,6,32,29.0,29.0,True,False,False,False,0.69
O00698,A0026,R004,Data Module,ZoomInfo List,Qualification,10700.0,2026-08-23,,2026-08-25,7,9,,9.0,False,False,False,False,0.41
O00699,A0074,R002,Support Add-on,ZoomInfo List,Closed Lost,14800.0,2026-05-31,2026-08-08,2026-08-05,27,93,69.0,69.0,True,False,False,False,0.47
O00700,A0098,R001,Support Add-on,Inbound Web,Negotiation,10900.0,2026-01-29,,2026-08-24,8,215,,215.0,False,False,False,False,0.58
O00701,A0023,R005,Professional Services,Referral,Proposal,11500.0,2026-02-14,,2026-08-27,5,199,,199.0,False,False,False,False,0.58
O00702,A0074,R002,Platform License,ZoomInfo List,Closed Lost,18950.0,2025-12-09,2026-02-06,2026-02-01,212,266,59.0,59.0,True,False,False,True,0.54
O00703,A0105,R013,Data Module,Outreach Sequence,Negotiation,13100.0,2025-06-20,,2026-08-22,10,438,,438.0,False,False,False,False,0.47
O00704,A0073,R007,Support Add-on,Outreach Sequence,Qualification,5800.0,2025-03-19,,2026-08-25,7,531,,531.0,False,False,False,False,0.44
O00705,A0057,R012,Data Module,LinkedIn Sales Nav,Qualification,7700.0,2026-08-26,,2026-08-09,23,6,,6.0,False,False,False,False,0.46
O00706,A0125,R013,Platform License,ZoomInfo List,Qualification,23400.0,2026-02-11,,2026-09-01,0,202,,202.0,False,False,False,False,0.54
O00707,A0002,R017,Support Add-on,LinkedIn Sales Nav,Prospecting,21500.0,2025-12-21,,2026-08-22,10,254,,254.0,False,False,False,False,0.47
O00708,A0103,R017,Platform License,Referral,Closed Won,28700.0,2025-06-08,2025-07-09,2025-07-09,419,450,31.0,31.0,True,True,False,False,0.64
O00709,A0119,R004,Support Add-on,,Closed Won,3800.0,2026-06-26,2026-07-20,2026-07-18,45,67,24.0,24.0,True,True,False,False,0.33
O00710,A0105,R013,Platform License,Outreach Sequence,Qualification,9400.0,2026-07-05,,2026-08-13,19,58,,58.0,False,False,False,False,0.51
O00711,A0009,R005,Platform License,Inbound Web,Qualification,38500.0,2025-08-03,,2026-08-22,10,394,,394.0,False,False,False,False,0.56
O00712,A0019,R010,Data Module,Referral,Prospecting,5700.0,2025-09-29,,2026-08-30,2,337,,337.0,False,False,False,False,0.56
O00713,A0004,R001,Professional Services,,Qualification,8600.0,2025-03-28,,2026-08-27,5,522,,522.0,False,False,False,False,0.47
O00714,A0049,R007,Platform License,ZoomInfo List,Qualification,11700.0,2025-10-16,,2026-08-23,9,320,,320.0,False,False,False,False,0.54
O00715,A0078,R018,Professional Services,Inbound Web,Qualification,16200.0,2025-10-19,,2026-08-11,21,317,,317.0,False,False,False,False,0.63
O00716,A0106,R009,Professional Services,Referral,Prospecting,22800.0,2026-07-07,,2026-08-26,6,56,,56.0,False,False,False,False,0.58
O00717,A0034,R008,Professional Services,,Closed Lost,1300.0,2025-05-01,2025-10-06,2025-10-02,334,488,158.0,158.0,True,False,False,False,0.47
O00718,A0003,R015,Data Module,LinkedIn Sales Nav,Negotiation,1000.0,2026-03-18,,2026-09-01,0,167,,167.0,False,False,False,False,0.5
O00719,A0117,R001,Data Module,Referral,Proposal,10500.0,2026-01-25,,2026-08-20,12,219,,219.0,False,False,False,False,0.65
O00720,A0044,R012,Platform License,LinkedIn Sales Nav,Prospecting,31200.0,2026-08-21,,2026-09-05,-4,11,,11.0,False,False,False,False,0.5
O00721,A0127,R009,Platform License,Outreach Sequence,Prospecting,23400.0,2026-02-09,,2026-08-22,10,204,,204.0,False,False,False,False,0.42
O00722,A0034,R015,Professional Services,ZoomInfo List,Prospecting,16500.0,2026-08-09,,2026-08-14,18,23,,23.0,False,False,False,False,0.47
O00723,A0066,R007,Support Add-on,ZoomInfo List,Qualification,12700.0,2025-10-23,,2026-08-16,16,313,,313.0,False,False,False,False,0.47
O00724,A0124,R008,Platform License,Outreach Sequence,Closed Won,21500.0,2026-04-06,2026-06-04,2026-05-31,93,148,59.0,59.0,True,True,False,False,0.51
O00725,A0064,R013,Support Add-on,Referral,Closed Won,5000.0,2025-06-18,2025-12-02,2025-11-28,277,440,167.0,167.0,True,True,False,False,0.62
O00726,A0023,R006,Professional Services,LinkedIn Sales Nav,Proposal,1700.0,2025-12-21,,2026-08-14,18,254,,254.0,False,False,False,False,0.57
O00727,A0019,R010,Platform License,Inbound Web,Qualification,12600.0,2026-06-26,,2026-08-21,11,67,,67.0,False,False,False,False,0.56
O00728,A0073,R007,Professional Services,LinkedIn Sales Nav,Qualification,6100.0,2025-08-14,,2026-08-14,18,383,,383.0,False,False,False,False,0.57
O00729,A0041,R001,Professional Services,ZoomInfo List,Prospecting,6400.0,2026-02-05,,2026-02-18,195,208,,208.0,False,False,True,False,0.52
O00730,A0110,R010,Support Add-on,Referral,Prospecting,6700.0,2026-06-06,,2026-08-25,7,87,,87.0,False,False,False,False,0.53
O00731,A0007,R004,Support Add-on,Inbound Web,Qualification,10200.0,2025-05-27,,2025-06-09,449,462,,462.0,False,False,True,True,0.49
O00732,A0092,R010,Professional Services,LinkedIn Sales Nav,Prospecting,11000.0,2026-06-15,,2026-08-25,7,78,,78.0,False,False,False,False,0.48
O00733,A0120,R007,Support Add-on,Outreach Sequence,Proposal,3400.0,2026-02-07,,2026-02-16,197,206,,206.0,False,False,True,False,0.44
O00734,A0126,R014,Support Add-on,Outreach Sequence,Qualification,8100.0,2025-10-29,,2026-08-14,18,307,,307.0,False,False,False,False,0.35
O00735,A0115,R002,Data Module,,Closed Lost,29700.0,2025-03-25,2025-06-01,2025-05-31,458,525,68.0,68.0,True,False,False,False,0.45
O00736,A0034,R018,Data Module,ZoomInfo List,Qualification,8900.0,2025-03-21,,2026-08-18,14,529,,529.0,False,False,False,False,0.5
O00737,A0123,R010,Support Add-on,ZoomInfo List,Closed Lost,6400.0,2025-06-18,2025-10-18,2025-10-15,321,440,122.0,122.0,True,False,False,False,0.38
O00738,A0085,R005,Support Add-on,ZoomInfo List,Proposal,5500.0,2026-04-22,,2026-08-21,11,132,,132.0,False,False,False,False,0.38
O00739,A0026,R009,Data Module,,Closed Lost,13450.0,2025-07-14,2025-10-15,2025-10-11,325,414,93.0,93.0,True,False,False,True,0.36
O00740,A0033,R018,Professional Services,ZoomInfo List,Proposal,55900.0,2025-09-27,,2026-08-20,12,339,,339.0,False,False,False,False,0.52
O00741,A0015,R002,Data Module,Outreach Sequence,Prospecting,22100.0,2025-08-01,,2026-08-23,9,396,,396.0,False,False,False,False,0.47
O00742,A0002,R003,Professional Services,Outreach Sequence,Prospecting,6300.0,2025-04-18,,2025-04-26,493,501,,501.0,False,False,True,False,0.49
O00743,A0035,R009,Data Module,Outreach Sequence,Prospecting,8200.0,2025-08-19,,2026-08-29,3,378,,378.0,False,False,False,False,0.38
O00744,A0024,R015,Data Module,,Negotiation,19600.0,2026-06-22,,2026-06-29,64,71,,71.0,False,False,True,False,0.4
O00745,A0092,R003,Professional Services,Referral,Qualification,14700.0,2025-10-18,,2026-08-26,6,318,,318.0,False,False,False,True,0.67
O00746,A0024,R001,Data Module,Outreach Sequence,Prospecting,20000.0,2025-07-19,,2026-08-17,15,409,,409.0,False,False,False,False,0.47
O00747,A0131,R011,Platform License,LinkedIn Sales Nav,Negotiation,61300.0,2025-05-21,,2026-08-07,25,468,,468.0,False,False,False,False,0.59
O00748,A0097,R016,Professional Services,ZoomInfo List,Negotiation,6500.0,2025-06-15,,2026-08-29,3,443,,443.0,False,False,False,False,0.52
O00749,A0055,R015,Professional Services,ZoomInfo List,Closed Lost,8800.0,2025-11-24,2026-01-28,2026-01-25,219,281,65.0,65.0,True,False,False,False,0.47
O00750,A0134,R005,Support Add-on,Outreach Sequence,Proposal,7800.0,2026-05-16,,2026-08-24,8,108,,108.0,False,False,False,False,0.35
O00751,A0034,R001,Data Module,Outreach Sequence,Proposal,4000.0,2026-06-18,,2026-08-09,23,75,,75.0,False,False,False,False,0.47
O00752,A0006,R006,Data Module,Outreach Sequence,Proposal,44300.0,2026-08-21,,2026-09-05,-4,11,,11.0,False,False,False,False,0.47
O00753,A0120,R004,Platform License,Referral,Closed Won,23800.0,2025-12-26,2026-03-17,2026-03-16,169,249,81.0,81.0,True,True,False,False,0.6
O00754,A0137,R017,Platform License,ZoomInfo List,Proposal,18400.0,2025-11-03,,2025-11-04,301,302,,302.0,False,False,True,False,0.49
O00755,A0080,R014,Data Module,LinkedIn Sales Nav,Prospecting,17900.0,2026-03-02,,2026-08-31,1,183,,183.0,False,False,False,False,0.46
O00756,A0103,R016,Data Module,,Proposal,1700.0,2025-10-20,,2026-08-08,24,316,,316.0,False,False,False,False,0.45
O00757,A0038,R011,Support Add-on,ZoomInfo List,Qualification,32600.0,2026-02-08,,2026-02-15,198,205,,205.0,False,False,True,False,0.47
O00758,A0034,R008,Professional Services,Outreach Sequence,Closed Won,29100.0,2026-03-13,2026-06-14,2026-06-12,81,172,93.0,93.0,True,True,False,False,0.49
O00759,A0043,R008,Professional Services,Referral,Closed Won,14900.0,2025-07-23,2025-08-29,2025-08-27,370,405,37.0,37.0,True,True,False,False,0.67
O00760,A0038,R015,Data Module,,Prospecting,20000.0,2025-10-12,,2025-10-21,315,324,,324.0,False,False,True,False,0.4
O00761,A0061,R012,Platform License,Outreach Sequence,Proposal,4200.0,2026-01-20,,2026-08-29,3,224,,224.0,False,False,False,False,0.42
O00762,A0034,R010,Support Add-on,Outreach Sequence,Closed Lost,11600.0,2025-10-03,2026-01-06,2026-01-05,239,333,95.0,95.0,True,False,False,False,0.35
O00763,A0139,R010,Data Module,Outreach Sequence,Negotiation,13900.0,2025-09-22,,2026-08-12,20,344,,344.0,False,False,False,False,0.38
O00764,A0064,R017,Professional Services,Outreach Sequence,Proposal,7600.0,2026-04-26,,2026-08-31,1,128,,128.0,False,False,False,False,0.44
O00765,A0019,R018,Support Add-on,ZoomInfo List,Proposal,4600.0,2026-03-29,,2026-08-13,19,156,,156.0,False,False,False,False,0.47
O00766,A0006,R012,Support Add-on,ZoomInfo List,Proposal,4400.0,2025-11-20,,2026-08-19,13,285,,285.0,False,False,False,False,0.38
O00767,A0005,R004,Platform License,ZoomInfo List,Prospecting,93900.0,2025-09-26,,2026-08-11,21,340,,340.0,False,False,False,False,0.45
O00768,A0079,R009,Data Module,Referral,Proposal,4500.0,2025-10-06,,2026-08-30,2,330,,330.0,False,False,False,False,0.56
O00769,A0030,R016,Professional Services,ZoomInfo List,Proposal,1400.0,2026-04-25,,2026-04-28,126,129,,129.0,False,False,True,False,0.52
O00770,A0054,R017,Support Add-on,ZoomInfo List,Prospecting,7900.0,2026-02-10,,2026-03-01,184,203,,203.0,False,False,True,False,0.42
O00771,A0114,R009,Support Add-on,Inbound Web,Closed Won,17400.0,2026-06-11,2026-08-02,2026-07-30,33,82,52.0,52.0,True,True,False,False,0.49
O00772,A0112,R002,Professional Services,Inbound Web,Closed Won,62200.0,2026-08-11,2026-08-27,2026-08-23,9,21,16.0,16.0,True,True,False,False,0.63
O00773,A0128,R003,Support Add-on,Inbound Web,Qualification,23500.0,2025-05-14,,2026-08-30,2,475,,475.0,False,False,False,False,0.58
O00774,A0110,R005,Professional Services,ZoomInfo List,Negotiation,10600.0,2026-02-18,,2026-08-17,15,195,,195.0,False,False,False,False,0.43
O00775,A0008,R008,Data Module,,Qualification,110800.0,2025-08-14,,2025-08-16,381,383,,383.0,False,False,True,False,0.45
O00776,A0064,R005,Data Module,Referral,Qualification,7800.0,2026-03-18,,2026-08-08,24,167,,167.0,False,False,False,False,0.56
O00777,A0035,R016,Support Add-on,,Negotiation,10200.0,2026-07-03,,2026-07-19,44,60,,60.0,False,False,True,True,0.42
O00778,A0071,R009,Platform License,,Qualification,89600.0,2026-04-02,,2026-04-10,144,152,,152.0,False,False,True,False,0.4
O00779,A0037,R018,Platform License,Outreach Sequence,Negotiation,45800.0,2026-05-29,,2026-08-30,2,95,,95.0,False,False,False,False,0.51
O00780,A0002,R001,Data Module,ZoomInfo List,Qualification,4200.0,2025-06-20,,2026-08-20,12,438,,438.0,False,False,False,False,0.5
O00781,A0125,R005,Platform License,Outreach Sequence,Closed Won,7900.0,2025-09-13,2026-01-02,2025-12-28,247,353,111.0,111.0,True,True,False,False,0.42
O00782,A0035,R002,Data Module,Outreach Sequence,Proposal,6300.0,2026-05-24,,2026-08-23,9,100,,100.0,False,False,False,False,0.47
O00783,A0052,R015,Professional Services,LinkedIn Sales Nav,Closed Won,6800.0,2026-02-22,2026-07-10,2026-07-10,53,191,138.0,138.0,True,True,False,False,0.52
O00784,A0085,R001,Professional Services,ZoomInfo List,Closed Lost,64000.0,2026-07-02,2026-08-28,2026-08-25,7,61,57.0,57.0,True,False,False,False,0.52
O00785,A0051,R014,Professional Services,Outreach Sequence,Prospecting,16900.0,2025-11-04,,2025-11-23,282,301,,301.0,False,False,True,False,0.4
O00786,A0096,R018,Platform License,Outreach Sequence,Negotiation,4800.0,2026-06-30,,2026-08-31,1,63,,63.0,False,False,False,False,0.51
O00787,A0127,R013,Data Module,Referral,Closed Lost,30700.0,2025-03-17,2025-07-26,2025-07-24,404,533,131.0,131.0,True,False,False,False,0.65
O00788,A0049,R018,Support Add-on,,Closed Lost,3800.0,2025-09-14,2026-03-13,2026-03-10,175,352,180.0,180.0,True,False,False,False,0.42
O00789,A0132,R016,Support Add-on,LinkedIn Sales Nav,Negotiation,10200.0,2026-05-21,,2026-08-28,4,103,,103.0,False,False,False,True,0.52
O00790,A0108,R011,Support Add-on,,Proposal,12200.0,2025-12-20,,2026-08-16,16,255,,255.0,False,False,False,False,0.42
O00791,A0112,R006,Platform License,,Qualification,34900.0,2025-10-06,,2026-08-09,23,330,,330.0,False,False,False,False,0.49
O00792,A0124,R011,Professional Services,Referral,Proposal,1900.0,2025-04-22,,2025-05-08,481,497,,497.0,False,False,True,False,0.67
O00793,A0085,R014,Data Module,LinkedIn Sales Nav,Closed Lost,14200.0,2026-02-13,2026-03-27,2026-03-24,161,200,42.0,42.0,True,False,False,False,0.46
O00794,A0045,R009,Data Module,ZoomInfo List,Closed Lost,19000.0,2025-06-01,2025-08-12,2025-08-11,386,457,72.0,72.0,True,False,False,False,0.41
O00795,A0033,R009,Platform License,Inbound Web,Negotiation,6100.0,2026-08-02,,2026-08-25,7,30,,30.0,False,False,False,False,0.56
O00796,A0067,R004,Platform License,,Closed Lost,12400.0,2026-04-14,2026-05-17,2026-05-12,112,140,33.0,33.0,True,False,False,False,0.4
O00797,A0087,R011,Platform License,,Proposal,22500.0,2025-09-14,,2026-08-12,20,352,,352.0,False,False,False,False,0.49
O00798,A0028,R008,Professional Services,ZoomInfo List,Prospecting,21000.0,2025-12-09,,2025-12-28,247,266,,266.0,False,False,True,False,0.52
O00799,A0049,R002,Support Add-on,ZoomInfo List,Closed Lost,12500.0,2025-10-15,2026-01-12,2026-01-12,232,321,89.0,89.0,True,False,False,False,0.47
O00800,A0130,R009,Data Module,Inbound Web,Closed Lost,4100.0,2025-10-08,2026-02-28,2026-02-23,190,328,143.0,143.0,True,False,False,False,0.52
O00801,A0012,R006,Platform License,Inbound Web,Qualification,37100.0,2026-08-22,,2026-08-23,9,10,,10.0,False,False,False,False,0.65
O00802,A0008,R004,Data Module,ZoomInfo List,Proposal,22800.0,2025-11-14,,2025-11-25,280,291,,291.0,False,False,True,False,0.41
O00803,A0129,R014,Support Add-on,,Prospecting,11300.0,2025-04-29,,2026-08-20,12,490,,490.0,False,False,False,False,0.33
O00804,A0014,R017,Professional Services,,Closed Lost,10600.0,2026-01-28,2026-02-20,2026-02-19,194,216,23.0,23.0,True,False,False,False,0.42
O00805,A0131,R009,Support Add-on,,Closed Lost,3000.0,2026-03-21,2026-07-17,2026-07-12,51,164,118.0,118.0,True,False,False,False,0.33
O00806,A0020,R015,Data Module,Inbound Web,Qualification,22700.0,2026-06-19,,2026-08-10,22,74,,74.0,False,False,False,False,0.56
O00807,A0032,R009,Platform License,ZoomInfo List,Closed Lost,11400.0,2025-10-04,2025-12-30,2025-12-27,248,332,87.0,87.0,True,False,False,False,0.45
O00808,A0033,R017,Data Module,,Prospecting,8600.0,2025-04-24,,2026-08-26,6,495,,495.0,False,False,False,False,0.4
O00809,A0127,R006,Support Add-on,,Negotiation,7200.0,2026-05-19,,2026-08-19,13,105,,105.0,False,False,False,False,0.42
O00810,A0021,R004,Platform License,Outreach Sequence,Closed Won,13500.0,2025-09-01,2025-10-11,2025-10-07,329,365,40.0,40.0,True,True,False,False,0.42
O00811,A0035,R003,Professional Services,,Prospecting,52500.0,2025-07-14,,2026-08-10,22,414,,414.0,False,False,False,False,0.47
O00812,A0087,R003,Data Module,,Closed Lost,10300.0,2026-06-01,2026-08-20,2026-08-15,17,92,80.0,80.0,True,False,False,False,0.45
O00813,A0037,R004,Platform License,Outreach Sequence,Qualification,18950.0,2026-05-04,,2026-08-25,7,120,,120.0,False,False,False,True,0.42
O00814,A0004,R002,Support Add-on,,Closed Won,20400.0,2026-05-27,2026-08-28,2026-08-26,6,97,93.0,93.0,True,True,False,False,0.42
O00815,A0038,R009,Support Add-on,Outreach Sequence,Proposal,4900.0,2026-02-23,,2026-08-15,17,190,,190.0,False,False,False,False,0.35
O00816,A0134,R017,Platform License,Referral,Closed Won,10700.0,2026-04-26,2026-06-21,2026-06-17,76,128,56.0,56.0,True,True,False,False,0.64
O00817,A0072,R003,Data Module,LinkedIn Sales Nav,Proposal,31800.0,2026-04-28,,2026-05-16,108,126,,126.0,False,False,True,False,0.55
O00818,A0009,R007,Platform License,Outreach Sequence,Negotiation,18950.0,2025-03-31,,2026-08-11,21,519,,519.0,False,False,False,True,0.51
O00819,A0134,R016,Platform License,Referral,Qualification,3900.0,2025-11-04,,2026-08-22,10,301,,301.0,False,False,False,False,0.69
O00820,A0066,R016,Professional Services,,Prospecting,41600.0,2026-05-22,,2026-06-01,92,102,,102.0,False,False,True,False,0.47
O00821,A0064,R017,Professional Services,Referral,Qualification,50300.0,2026-01-22,,2026-08-30,2,222,,222.0,False,False,False,False,0.62
O00822,A0071,R007,Data Module,,Prospecting,5500.0,2026-03-17,,2026-08-10,22,168,,168.0,False,False,False,False,0.45
O00823,A0025,R012,Platform License,,Closed Lost,17500.0,2025-11-29,2026-03-14,2026-03-10,175,276,105.0,105.0,True,False,False,False,0.4
O00824,A0079,R017,Data Module,ZoomInfo List,Closed Won,11500.0,2025-10-12,2026-03-25,2026-03-24,161,324,164.0,164.0,True,True,False,False,0.45
O00825,A0042,R012,Platform License,,Proposal,8500.0,2025-07-11,,2026-08-08,24,417,,417.0,False,False,False,False,0.4
O00826,A0058,R016,Support Add-on,Outreach Sequence,Negotiation,26600.0,2026-05-23,,2026-08-07,25,101,,101.0,False,False,False,False,0.44
O00827,A0051,R015,Support Add-on,Referral,Qualification,2200.0,2025-04-17,,2026-08-15,17,502,,502.0,False,False,False,False,0.57
O00828,A0001,R007,Platform License,ZoomInfo List,Closed Won,43500.0,2025-10-10,2026-03-05,2026-03-01,184,326,146.0,146.0,True,True,False,False,0.54
O00829,A0108,R011,Data Module,Referral,Proposal,7400.0,2026-04-23,,2026-04-28,126,131,,131.0,False,False,True,False,0.65
O00830,A0001,R016,Platform License,,Closed Won,23900.0,2025-08-17,2025-12-22,2025-12-21,254,380,127.0,127.0,True,True,False,False,0.49
O00831,A0046,R015,Data Module,Referral,Qualification,6100.0,2025-11-11,,2026-08-25,7,294,,294.0,False,False,False,False,0.6
O00832,A0124,R015,Support Add-on,Inbound Web,Closed Lost,4900.0,2025-10-15,2025-12-25,2025-12-25,250,321,71.0,71.0,True,False,False,False,0.53
O00833,A0042,R001,Platform License,,Qualification,11600.0,2025-11-12,,2026-08-19,13,293,,293.0,False,False,False,False,0.49
O00834,A0054,R009,Data Module,Inbound Web,Closed Lost,15700.0,2025-03-22,2025-07-13,2025-07-13,415,528,113.0,113.0,True,False,False,False,0.52
O00835,A0089,R003,Data Module,,Proposal,10300.0,2025-09-12,,2026-08-31,1,354,,354.0,False,False,False,False,0.45
O00836,A0032,R010,Professional Services,ZoomInfo List,Prospecting,18900.0,2026-06-16,,2026-08-19,13,77,,77.0,False,False,False,False,0.43
O00837,A0082,R006,Support Add-on,Outreach Sequence,Closed Won,7300.0,2025-09-19,2025-12-12,2025-12-10,265,347,84.0,84.0,True,True,False,False,0.44
O00838,A0073,R017,Professional Services,Outreach Sequence,Qualification,11100.0,2025-07-24,,2026-08-31,1,404,,404.0,False,False,False,False,0.44
O00839,A0101,R004,Platform License,LinkedIn Sales Nav,Qualification,20500.0,2026-08-25,,2026-09-06,-5,7,,7.0,False,False,False,False,0.5
O00840,A0052,R003,Data Module,LinkedIn Sales Nav,Qualification,6300.0,2026-08-22,,2026-08-28,4,10,,10.0,False,False,False,False,0.55
O00841,A0081,R009,Platform License,ZoomInfo List,Qualification,34300.0,2025-12-18,,2026-08-27,5,257,,257.0,False,False,False,False,0.45
O00842,A0020,R001,Platform License,Inbound Web,Qualification,33900.0,2025-06-08,,2025-06-15,443,450,,450.0,False,False,True,False,0.65
O00843,A0113,R011,Platform License,ZoomInfo List,Qualification,18500.0,2025-07-23,,2025-07-30,398,405,,405.0,False,False,True,False,0.54
O00844,A0085,R004,Platform License,Inbound Web,Proposal,38700.0,2025-04-18,,2025-05-01,488,501,,501.0,False,False,True,False,0.56
O00845,A0015,R004,Professional Services,Outreach Sequence,Closed Won,14700.0,2026-05-13,2026-08-31,2026-08-26,6,111,110.0,110.0,True,True,False,False,0.4
O00846,A0037,R008,Data Module,Referral,Qualification,26100.0,2026-08-23,,2026-09-06,-5,9,,9.0,False,False,False,False,0.65
O00847,A0014,R006,Professional Services,ZoomInfo List,Closed Lost,3800.0,2025-11-17,2026-05-16,2026-05-13,111,288,180.0,180.0,True,False,False,False,0.52
O00848,A0064,R012,Professional Services,ZoomInfo List,Prospecting,11900.0,2026-04-01,,2026-04-08,146,153,,153.0,False,False,True,False,0.43
O00849,A0138,R012,Platform License,Referral,Prospecting,25300.0,2026-02-08,,2026-08-10,22,205,,205.0,False,False,False,False,0.6
O00850,A0043,R003,Professional Services,LinkedIn Sales Nav,Qualification,8600.0,2025-06-21,,2025-06-25,433,437,,437.0,False,False,True,False,0.57
O00851,A0079,R005,Support Add-on,,Negotiation,10900.0,2025-06-29,,2025-07-01,427,429,,429.0,False,False,True,False,0.33
O00852,A0080,R004,Professional Services,LinkedIn Sales Nav,Proposal,12300.0,2025-05-05,,2025-05-21,468,484,,484.0,False,False,True,False,0.48
O00853,A0008,R011,Platform License,Outreach Sequence,Closed Lost,27300.0,2026-08-18,2026-08-29,2026-08-24,8,14,11.0,11.0,True,False,False,False,0.51
O00854,A0056,R009,Professional Services,,Qualification,15100.0,2025-11-22,,2025-12-12,263,283,,283.0,False,False,True,False,0.38
O00855,A0038,R008,Professional Services,,Closed Won,24000.0,2025-06-01,2025-08-27,2025-08-22,375,457,87.0,87.0,True,True,False,False,0.47
O00856,A0103,R007,Professional Services,Outreach Sequence,Qualification,40400.0,2026-04-23,,2026-08-08,24,131,,131.0,False,False,False,False,0.49
O00857,A0038,R005,Support Add-on,Inbound Web,Closed Won,6100.0,2026-05-03,2026-08-27,2026-08-27,5,121,116.0,116.0,True,True,False,False,0.49
O00858,A0057,R010,Professional Services,LinkedIn Sales Nav,Closed Won,6400.0,2026-07-16,2026-08-28,2026-08-23,9,47,43.0,43.0,True,True,False,False,0.48
O00859,A0119,R007,Professional Services,Inbound Web,Proposal,14800.0,2025-03-28,,2026-08-26,6,522,,522.0,False,False,False,False,0.63
O00860,A0014,R007,Professional Services,Referral,Closed Lost,10800.0,2026-08-22,2026-08-27,2026-08-25,7,10,5.0,5.0,True,False,False,False,0.67
O00861,A0025,R018,Support Add-on,,Prospecting,10200.0,2025-11-30,,2026-08-23,9,275,,275.0,False,False,False,True,0.42
O00862,A0106,R004,Support Add-on,ZoomInfo List,Closed Won,57000.0,2025-11-28,2026-01-30,2026-01-26,218,277,63.0,63.0,True,True,False,False,0.38
O00863,A0083,R006,Support Add-on,LinkedIn Sales Nav,Closed Lost,3100.0,2026-06-07,2026-07-21,2026-07-18,45,86,44.0,44.0,True,False,False,False,0.52
O00864,A0035,R005,Support Add-on,Outreach Sequence,Closed Won,3900.0,2026-08-21,2026-08-29,2026-08-29,3,11,8.0,8.0,True,True,False,False,0.35
O00865,A0056,R011,Data Module,,Closed Lost,42300.0,2025-12-11,2026-04-13,2026-04-12,142,264,123.0,123.0,True,False,False,False,0.45
O00866,A0098,R003,Data Module,ZoomInfo List,Proposal,11600.0,2025-06-01,,2025-06-17,441,457,,457.0,False,False,True,False,0.5
O00867,A0077,R001,Data Module,ZoomInfo List,Qualification,13450.0,2026-03-04,,2026-03-14,171,181,,181.0,False,False,True,True,0.5
O00868,A0005,R009,Professional Services,Inbound Web,Prospecting,2900.0,2026-02-20,,2026-08-12,20,193,,193.0,False,False,False,False,0.54
O00869,A0024,R001,Professional Services,,Qualification,21500.0,2026-08-19,,2026-08-20,12,13,,13.0,False,False,False,False,0.47
O00870,A0084,R001,Professional Services,ZoomInfo List,Negotiation,24500.0,2026-06-07,,2026-06-08,85,86,,86.0,False,False,True,False,0.52
O00871,A0136,R005,Support Add-on,,Qualification,2700.0,2026-06-05,,2026-08-27,5,88,,88.0,False,False,False,False,0.33
O00872,A0038,R013,Professional Services,ZoomInfo List,Qualification,14200.0,2026-07-05,,2026-07-07,56,58,,58.0,False,False,True,False,0.52
O00873,A0107,R012,Platform License,Referral,Negotiation,7600.0,2025-07-02,,2025-07-15,413,426,,426.0,False,False,True,False,0.6
O00874,A0097,R008,Professional Services,,Closed Lost,15200.0,2025-08-03,2025-12-16,2025-12-15,260,394,135.0,135.0,True,False,False,False,0.47
O00875,A0129,R010,Platform License,LinkedIn Sales Nav,Qualification,26500.0,2025-08-31,,2026-08-30,2,366,,366.0,False,False,False,False,0.5
O00876,A0013,R001,Professional Services,Inbound Web,Prospecting,50900.0,2025-03-06,,2025-03-16,534,544,,544.0,False,False,True,False,0.63
O00877,A0013,R008,Support Add-on,Outreach Sequence,Closed Lost,5000.0,2025-11-27,2025-12-26,2025-12-26,249,278,29.0,29.0,True,False,False,False,0.44
O00878,A0117,R003,Professional Services,LinkedIn Sales Nav,Proposal,2400.0,2026-04-02,,2026-08-29,3,152,,152.0,False,False,False,False,0.57
O00879,A0117,R005,Professional Services,Outreach Sequence,Closed Won,9000.0,2025-10-05,2026-01-13,2026-01-11,233,331,100.0,100.0,True,True,False,False,0.4
O00880,A0068,R015,Data Module,Referral,Negotiation,9200.0,2025-09-24,,2026-08-15,17,342,,342.0,False,False,False,False,0.6
O00881,A0064,R002,Professional Services,Inbound Web,Qualification,25600.0,2026-06-07,,2026-08-07,25,86,,86.0,False,False,False,False,0.63
O00882,A0092,R018,Professional Services,LinkedIn Sales Nav,Negotiation,19000.0,2026-08-29,,2026-08-28,4,3,,3.0,False,False,False,False,0.57
O00883,A0043,R014,Support Add-on,LinkedIn Sales Nav,Prospecting,13000.0,2026-04-11,,2026-04-19,135,143,,143.0,False,False,True,False,0.43
O00884,A0110,R001,Platform License,,Prospecting,8300.0,2026-04-07,,2026-08-10,22,147,,147.0,False,False,False,False,0.49
O00885,A0081,R014,Data Module,Referral,Qualification,10700.0,2026-03-23,,2026-03-24,161,162,,162.0,False,False,True,False,0.56
O00886,A0022,R017,Professional Services,ZoomInfo List,Closed Lost,38200.0,2025-05-07,2025-09-14,2025-09-11,355,482,130.0,130.0,True,False,False,False,0.47
O00887,A0041,R011,Platform License,LinkedIn Sales Nav,Negotiation,10400.0,2026-05-10,,2026-08-27,5,114,,114.0,False,False,False,False,0.59
O00888,A0086,R011,Data Module,Inbound Web,Negotiation,24100.0,2025-05-23,,2026-08-10,22,466,,466.0,False,False,False,False,0.61
O00889,A0118,R002,Support Add-on,Outreach Sequence,Negotiation,26600.0,2025-03-15,,2025-04-04,515,535,,535.0,False,False,True,False,0.44
O00890,A0019,R017,Professional Services,,Closed Lost,6900.0,2026-06-13,2026-08-28,2026-08-25,7,80,76.0,76.0,True,False,False,False,0.42
O00891,A0094,R009,Data Module,ZoomInfo List,Prospecting,8700.0,2025-11-28,,2025-12-08,267,277,,277.0,False,False,True,False,0.41
O00892,A0139,R010,Platform License,ZoomInfo List,Closed Won,19300.0,2026-08-20,2026-08-31,2026-08-30,2,12,11.0,11.0,True,True,False,False,0.45
O00893,A0008,R017,Data Module,Outreach Sequence,Negotiation,19800.0,2026-07-13,,2026-08-08,24,50,,50.0,False,False,False,False,0.42
O00894,A0071,R009,Professional Services,LinkedIn Sales Nav,Closed Lost,13300.0,2025-07-27,2025-10-29,2025-10-26,310,401,94.0,94.0,True,False,False,False,0.48
O00895,A0077,R006,Professional Services,Outreach Sequence,Negotiation,20800.0,2025-08-05,,2025-08-10,387,392,,392.0,False,False,True,False,0.49
O00896,A0071,R018,Platform License,,Closed Lost,5300.0,2026-01-06,2026-02-26,2026-02-22,191,238,51.0,51.0,True,False,False,False,0.49
O00897,A0117,R002,Data Module,ZoomInfo List,Proposal,8200.0,2025-09-18,,2025-10-01,335,348,,348.0,False,False,True,False,0.5
O00898,A0124,R013,Professional Services,Referral,Prospecting,20700.0,2025-04-09,,2026-08-07,25,510,,510.0,False,False,False,False,0.67
O00899,A0012,R017,Data Module,Outreach Sequence,Negotiation,32600.0,2025-05-23,,2025-06-11,447,466,,466.0,False,False,True,False,0.42
O00900,A0063,R006,Platform License,ZoomInfo List,Qualification,23400.0,2025-05-17,,2026-08-18,14,472,,472.0,False,False,False,False,0.54
