opp_id,account_id,opp_name,stage_raw,amount,product,lead_source,created_date,close_date,last_activity_date,rep_id
O00001,A0159,DIAZ INC - Data Module,prospecting,15300.0,Support Add-on,Outreach Sequence,2026-06-15,,2026-08-09,R015
O00002,A0133,Salazar-Ball - Support Add-on,Prospecting,14900.0,Data Module,,2025-07-23,,2026-08-11,R005
O00003,A0081,Williams-Cook - Support Add-on,prospecting,8700.0,Professional Services,,2025-08-16,,2026-08-13,R013
O00004,A0152,Williams-Cook - Platform License,Negotiating,14900.0,Professional Services,Outreach Sequence,2026-06-28,,2026-08-23,R007
O00005,A0035,Chapman and Sons - Professional Services,Qualifying,64100.0,Data Module,Inbound Web,2026-07-24,,2026-08-01,R008
O00006,A0027,Arroyo Miller and Tucker - Professional Services,negotiation,36800.0,Data Module,,2025-08-17,,2026-08-15,R015
O00007,A0061,Jones Inc - Professional Services,CLOSED WON,7100.0,Data Module,Inbound Web,2026-05-22,2026-08-11,2026-08-11,R016
O00008,A0072,Moore-Bass - Support Add-on,Closed Won,5700.0,Platform License,Inbound Web,2026-01-02,2026-04-16,2026-04-12,R004
O00009,A0067,Evans Stewart and Walton - Professional Services,Qualification,18100.0,Platform License,Outreach Sequence,2025-11-22,,2026-08-18,R017
O00010,A0103,White-Estes - Professional Services,Qualification,24000.0,Professional Services,ZoomInfo List,2025-09-24,,2026-08-26,R016
O00011,A0047,Baxter Inc - Support Add-on,Closed Won,11400.0,Professional Services,Outreach Sequence,2025-09-29,2025-12-18,2025-12-17,R013
O00012,A0121,Harvey Davis and Crane - Platform License,PROSPECTING,11700.0,Professional Services,LinkedIn Sales Nav,2026-08-05,,2026-08-25,R005
O00013,A0014,Carlson-Cruz - Data Module,Prospect,4600.0,Support Add-on,Referral,2026-07-09,,2026-08-09,R009
O00014,A0132,Schmidt Hansen and Stewart - Support Add-on,Proposal,6800.0,Data Module,,2026-05-12,,2026-08-31,R014
O00015,A0057,Novak PLC - Data Module,Prospect,16600.0,Data Module,Outreach Sequence,2026-07-31,,2026-08-19,R018
O00016,A0138,Hill Inc - Support Add-on,Qualification,6000.0,Data Module,Referral,2026-06-10,,2026-06-19,R013
O00017,A0118,Lawson Morris and Ramos - Platform License,qualification,12500.0,Professional Services,Inbound Web,2025-03-06,,2026-08-29,R011
O00018,A0152,Williams-Cook - Platform License,CLOSED LOST,13500.0,Support Add-on,Inbound Web,2025-05-26,2025-08-30,2025-08-27,R018
O00019,A0053,Gray Group - Platform License,Negotiating,12100.0,Platform License,Outreach Sequence,2025-10-15,,2026-08-11,R003
O00020,A0083,Figueroa PLC - Platform License,proposal,8300.0,Support Add-on,,2026-05-28,,2026-08-07,R006
O00021,A0058,Daniels Adkins and Brown - Platform License,proposal,6700.0,Support Add-on,Referral,2026-04-28,,2026-08-19,R016
O00022,A0068,Smith PLC - Professional Services,qualification,8700.0,Platform License,LinkedIn Sales Nav,2025-10-16,,2026-08-28,R013
O00023,A0120,Jackson Miller and Robertson - Platform License,PROSPECTING,8400.0,Support Add-on,Outreach Sequence,2025-08-20,,2026-08-07,R011
O00024,A0021,Harrell LLC - Professional Services,Qualifying,,Data Module,Outreach Sequence,2026-02-28,,2026-08-21,R008
O00025,A0076,Newton and Sons - Data Module,Closed Won,5400.0,Data Module,Inbound Web,2026-04-08,2026-05-11,2026-05-06,R012
O00026,A0115,Bentley Byrd and Orr - Platform License,PROSPECTING,4900.0,Platform License,ZoomInfo List,2025-09-16,,2026-08-08,R007
O00027,A0114,Spencer-Lee - Data Module,Closed Won,9100.0,Data Module,Referral,2026-03-23,2026-04-22,2026-04-20,R006
O00028,A0078,Harris-Walters - Platform License,Proposal,42200.0,Support Add-on,,2025-06-05,,2026-08-29,R003
O00029,A0136,Green-Wright - Platform License,Proposal Sent,9900.0,Platform License,ZoomInfo List,2025-04-20,,2025-05-03,R004
O00030,A0138,Hill Inc - Platform License,closed-lost,8300.0,Data Module,,2025-10-27,2026-01-10,2026-01-08,R002
O00031,A0054,House-Glover - Support Add-on,Prospect,12500.0,Platform License,Inbound Web,2025-06-17,,2026-08-25,R009
O00032,A0048,Morton-Chase - Data Module,Proposal Sent,17200.0,Data Module,LinkedIn Sales Nav,2026-07-19,,2026-08-22,R003
O00033,A0138,Hill Inc - Support Add-on,Proposal Sent,12500.0,Platform License,Inbound Web,2026-05-06,,2026-05-26,R005
O00034,A0090,Dickson-Brady - Support Add-on,qualification,22100.0,Support Add-on,ZoomInfo List,2026-05-15,,2026-08-30,R009
O00035,A0096,Gonzalez Group - Professional Services,Closed Won,18200.0,Support Add-on,LinkedIn Sales Nav,2025-09-24,2026-02-11,2026-02-06,R018
O00036,A0139,Mitchell Nelson and Flores - Platform License,Qualification,44600.0,Professional Services,,2026-04-02,,2026-04-08,R015
O00037,A0124,Riggs PLC - Support Add-on,proposal,18800.0,Support Add-on,ZoomInfo List,2025-04-13,,2026-08-18,R007
O00038,A0008,Wilkerson-Day - Platform License,Prospect,21200.0,Support Add-on,Referral,2025-06-07,,2026-08-07,R009
O00039,A0092,Johnson-Doyle - Platform License,Qualifying,26100.0,Platform License,Referral,2026-06-17,,2026-06-29,R009
O00040,A0056,Stanley Tucker and Lee - Platform License,proposal,17500.0,Data Module,Referral,2025-03-30,,2026-08-07,R009
O00041,A0046,West Henderson and Ramirez - Support Add-on,Qualifying,8400.0,Platform License,Referral,2026-02-20,,2026-08-31,R005
O00042,A0130,Holmes Williams and Wright - Professional Services,Prospect,48300.0,Support Add-on,LinkedIn Sales Nav,2026-03-08,,2026-08-16,R002
O00043,A0097,Torres-Pope - Support Add-on,Proposal Sent,20300.0,Platform License,LinkedIn Sales Nav,2025-11-15,,2026-08-31,R008
O00044,A0150,Suarez LLC Inc. - Support Add-on,Proposal Sent,19300.0,Platform License,Referral,2026-05-27,,2026-06-16,R003
O00045,A0099,Ross LLC - Platform License,Lost,20100.0,Support Add-on,Referral,2026-04-09,2026-08-28,2026-08-27,R006
O00046,A0149,SANDOVAL-CUNNINGHAM - Platform License,Negotiating,4100.0,Data Module,Referral,2025-08-11,,2026-08-11,R003
O00047,A0010,Hoffman Baker and Richards - Data Module,PROSPECTING,22400.0,Professional Services,ZoomInfo List,2025-08-26,,2025-09-02,R008
O00048,A0113,Parker Ortiz and Powell - Platform License,PROSPECTING,7300.0,Support Add-on,Referral,2026-04-13,,2026-08-29,R014
O00049,A0022,Romero Gonzalez and Brooks - Professional Services,Negotiation,37000.0,Data Module,Outreach Sequence,2026-04-19,,2026-05-09,R004
O00050,A0134,Simmons Meadows and Griffin - Data Module,qualification,43400.0,Professional Services,Referral,2025-07-07,,2025-07-22,R013
O00051,A0102,Rivera Johnson and Wiley - Data Module,Qualifying,13500.0,Data Module,LinkedIn Sales Nav,2025-12-30,,2026-08-26,R004
O00052,A0112,Cortez LLC - Professional Services,Proposal Sent,9700.0,Support Add-on,Outreach Sequence,2025-08-05,,2026-08-26,R012
O00053,A0136,Green-Wright - Professional Services,Closed Won,1700.0,Support Add-on,Inbound Web,2025-04-26,2025-09-15,2025-09-15,R009
O00054,A0120,Jackson Miller and Robertson - Support Add-on,Prospect,4300.0,Platform License,Inbound Web,2025-03-24,,2025-04-01,R002
O00055,A0050,Novak and Sons - Platform License,Proposal Sent,27600.0,Support Add-on,Outreach Sequence,2026-07-08,,2026-07-11,R007
O00056,A0036,Robinson Jones and Welch - Data Module,closed-won,20800.0,Professional Services,,2025-09-22,2025-10-11,2025-10-09,R004
O00057,A0081,Williams-Cook - Professional Services,Proposal,8000.0,Data Module,Outreach Sequence,2025-05-08,,2026-09-01,R017
O00058,A0041,Lee-Davis - Data Module,Qualification,23900.0,Platform License,Outreach Sequence,2025-11-09,,2025-11-23,R014
O00059,A0075,Garcia Humphrey and Baker - Professional Services,Negotiation,6400.0,Support Add-on,Inbound Web,2025-04-07,,2026-08-14,R007
O00060,A0035,Chapman and Sons - Platform License,Negotiation,3500.0,Support Add-on,Outreach Sequence,2026-08-30,,2026-08-27,R005
O00061,A0096,Gonzalez Group - Platform License,proposal,13000.0,Data Module,LinkedIn Sales Nav,2025-03-11,,2026-08-20,R014
O00062,A0014,Carlson-Cruz - Platform License,Won,3500.0,Support Add-on,ZoomInfo List,2025-12-15,2026-01-11,2026-01-09,R003
O00063,A0014,Carlson-Cruz - Data Module,Qualifying,8000.0,Data Module,,2026-07-17,,2026-08-27,R012
O00064,A0118,Lawson Morris and Ramos - Platform License,Closed Won,20900.0,Professional Services,Outreach Sequence,2026-02-26,2026-07-03,2026-07-03,R004
O00065,A0044,Powell LLC - Professional Services,CLOSED LOST,19300.0,Support Add-on,LinkedIn Sales Nav,2025-10-12,2026-03-10,2026-03-07,R014
O00066,A0004,Robinson Nguyen and Tate - Data Module,Won,18300.0,Data Module,Inbound Web,2026-07-14,2026-08-31,2026-08-29,R004
O00067,A0019,Smith-Bowen - Support Add-on,CLOSED LOST,2200.0,Platform License,,2025-09-18,2026-02-02,2026-01-31,R018
O00068,A0014,Carlson-Cruz - Support Add-on,prospecting,16800.0,Support Add-on,LinkedIn Sales Nav,2025-06-23,,2026-08-22,R006
O00069,A0062,Hensley Powell and David - Platform License,Negotiating,13100.0,Support Add-on,Referral,2025-06-01,,2025-06-16,R018
O00070,A0101,May-Ross - Professional Services,Qualification,7500.0,Platform License,ZoomInfo List,2025-06-12,,2025-06-25,R002
O00071,A0110,Diaz Inc - Platform License,Prospecting,26400.0,Professional Services,,2025-06-09,,2025-06-21,R007
O00072,A0033,Brooks Lam and Hayes - Support Add-on,Lost,14900.0,Data Module,LinkedIn Sales Nav,2025-05-28,2025-09-28,2025-09-28,R011
O00073,A0076,Newton and Sons - Data Module,Qualification,18500.0,Platform License,LinkedIn Sales Nav,2025-11-19,,2025-11-25,R012
O00074,A0075,Garcia Humphrey and Baker - Data Module,closed-won,17400.0,Professional Services,Outreach Sequence,2025-12-08,2026-05-23,2026-05-21,R015
O00075,A0059,Woods Calhoun and Schmidt - Platform License,CLOSED WON,5300.0,Support Add-on,,2026-04-15,2026-06-08,2026-06-03,R008
O00076,A0149,SANDOVAL-CUNNINGHAM - Professional Services,Won,27400.0,Support Add-on,Referral,2025-09-10,2025-12-05,2025-12-04,R014
O00077,A0143,Brooks  Lam  and  Hayes - Platform License,prospecting,19900.0,Support Add-on,Referral,2026-01-14,,2026-08-25,R001
O00078,A0044,Powell LLC - Data Module,proposal,45800.0,Data Module,Referral,2025-08-19,,2025-08-22,R003
O00079,A0147,Russell  Group - Data Module,Closed Won,7700.0,Data Module,,2025-07-07,2025-08-18,2025-08-16,R005
O00080,A0054,House-Glover - Professional Services,qualification,11600.0,Data Module,Referral,2025-03-20,,2026-08-27,R009
O00081,A0110,Diaz Inc - Professional Services,closed-won,5400.0,Support Add-on,Referral,2026-07-06,2026-08-30,2026-08-29,R008
O00082,A0107,Scott Ltd - Support Add-on,Won,3200.0,Professional Services,,2025-11-14,2026-01-13,2026-01-08,R010
O00083,A0053,Gray Group - Professional Services,Negotiation,13800.0,Professional Services,,2025-10-25,,2026-08-27,R018
O00084,A0063,Sanchez Wheeler and Harvey - Support Add-on,Closed Won,4200.0,Professional Services,Referral,2025-09-20,2025-10-07,2025-10-07,R018
O00085,A0089,Wright Garcia and Deleon - Support Add-on,Negotiation,9800.0,Data Module,ZoomInfo List,2025-07-01,,2026-08-12,R011
O00086,A0014,Carlson-Cruz - Data Module,Qualification,4400.0,Data Module,ZoomInfo List,2025-07-12,,2026-08-27,R005
O00087,A0038,Jones-Young - Support Add-on,Negotiating,52100.0,Data Module,ZoomInfo List,2025-09-17,,2026-08-22,R014
O00088,A0123,Hernandez Inc - Data Module,Proposal,4500.0,Professional Services,ZoomInfo List,2025-08-17,,2025-09-01,R014
O00089,A0045,Wright and Sons - Professional Services,Prospect,6400.0,Support Add-on,Referral,2026-05-24,,2026-08-19,R018
O00090,A0024,George Group - Support Add-on,Qualification,23800.0,Data Module,Outreach Sequence,2025-10-15,,2026-08-16,R013
O00091,A0045,Wright and Sons - Platform License,CLOSED LOST,2900.0,Platform License,LinkedIn Sales Nav,2026-05-31,2026-08-10,2026-08-09,R009
O00092,A0118,Lawson Morris and Ramos - Platform License,negotiation,12300.0,Data Module,ZoomInfo List,2025-04-12,,2026-08-23,R006
O00093,A0043,Brown Valdez and Lucas - Professional Services,CLOSED WON,15200.0,Support Add-on,Referral,2025-12-04,2026-03-17,2026-03-17,R004
O00094,A0045,Wright and Sons - Platform License,Prospect,8300.0,Professional Services,Outreach Sequence,2025-11-09,,2026-08-24,R018
O00095,A0080,Davis Group - Professional Services,Qualifying,31100.0,Data Module,Referral,2025-07-24,,2026-08-21,R008
O00096,A0146,Jones-Young Incorporated - Data Module,prospecting,3400.0,Professional Services,Referral,2026-07-21,,2026-08-07,R004
O00097,A0043,Brown Valdez and Lucas - Support Add-on,PROSPECTING,52400.0,Support Add-on,Referral,2025-03-22,,2025-04-11,R017
O00098,A0090,Dickson-Brady - Support Add-on,proposal,17000.0,Support Add-on,,2025-03-28,,2026-08-17,R002
O00099,A0077,Campbell-Clark - Professional Services,Lost,11700.0,Platform License,Referral,2026-05-11,2026-08-31,2026-08-27,R011
O00100,A0045,Wright and Sons - Platform License,Prospect,,Professional Services,Outreach Sequence,2025-04-27,,2025-05-05,R010
O00101,A0038,Jones-Young - Data Module,Qualification,18200.0,Platform License,,2025-06-06,,2026-08-26,R010
O00102,A0045,Wright and Sons - Support Add-on,proposal,45400.0,Professional Services,Inbound Web,2026-04-12,,2026-04-28,R005
O00103,A0117,Mitchell-Jordan - Support Add-on,proposal,9400.0,Data Module,ZoomInfo List,2025-09-15,,2026-08-09,R017
O00104,A0090,Dickson-Brady - Professional Services,Qualifying,7800.0,Data Module,LinkedIn Sales Nav,2025-12-22,,2026-01-01,R010
O00105,A0094,Shields Cochran and Adams - Data Module,qualification,5700.0,Data Module,LinkedIn Sales Nav,2025-04-27,,2025-05-01,R014
O00106,A0070,Anderson-Bailey - Data Module,Qualifying,14100.0,Support Add-on,,2026-04-04,,2026-08-30,R014
O00107,A0077,Campbell-Clark - Professional Services,qualification,8900.0,Platform License,Referral,2025-04-28,,2025-05-16,R003
O00108,A0146,Jones-Young Incorporated - Platform License,qualification,6300.0,Platform License,Inbound Web,2025-12-29,,2026-08-25,R002
O00109,A0093,Patton-Jenkins - Professional Services,Closed Won,6200.0,Data Module,,2025-09-27,2025-11-11,2025-11-11,R016
O00110,A0120,Jackson Miller and Robertson - Platform License,Proposal,7000.0,Platform License,,2025-05-01,,2026-08-23,R007
O00111,A0016,Frazier Inc - Professional Services,proposal,29000.0,Data Module,ZoomInfo List,2026-01-06,,2026-08-31,R009
O00112,A0021,Harrell LLC - Support Add-on,CLOSED LOST,32500.0,Platform License,Outreach Sequence,2026-07-25,2026-08-30,2026-08-25,R006
O00113,A0042,Gomez-Jenkins - Data Module,Negotiation,8400.0,Professional Services,Referral,2025-10-30,,2026-08-22,R010
O00114,A0082,Walsh LLC - Professional Services,Qualification,20400.0,Platform License,,2025-05-09,,2025-05-24,R018
O00115,A0139,Mitchell Nelson and Flores - Data Module,closed-won,8100.0,Data Module,Referral,2025-09-20,2025-11-13,2025-11-09,R010
O00116,A0118,Lawson Morris and Ramos - Professional Services,Prospecting,19000.0,Platform License,LinkedIn Sales Nav,2025-09-30,,2025-10-05,R018
O00117,A0100,Rasmussen LLC - Platform License,Qualifying,6700.0,Support Add-on,,2025-08-04,,2026-08-23,R003
O00118,A0022,Romero Gonzalez and Brooks - Professional Services,Closed Won,5800.0,Data Module,,2025-08-28,2026-02-24,2026-02-24,R012
O00119,A0123,Hernandez Inc - Support Add-on,Lost,6900.0,Support Add-on,Referral,2025-04-04,2025-05-14,2025-05-09,R018
O00120,A0117,Mitchell-Jordan - Support Add-on,Qualification,11900.0,Data Module,,2026-01-17,,2026-08-18,R007
O00121,A0087,Nolan-Flynn - Platform License,closed-won,10300.0,Data Module,Referral,2025-05-06,2025-07-18,2025-07-13,R010
O00122,A0058,Daniels Adkins and Brown - Professional Services,Prospecting,22800.0,Professional Services,ZoomInfo List,2025-08-26,,2025-09-13,R015
O00123,A0121,Harvey Davis and Crane - Data Module,CLOSED WON,14800.0,Platform License,Referral,2025-09-30,2025-11-08,2025-11-03,R009
O00124,A0086,Tran Jordan and Williams - Platform License,CLOSED WON,9400.0,Data Module,,2025-06-01,2025-07-14,2025-07-10,R010
O00125,A0111,Mccall Hanson and Alvarado - Platform License,CLOSED WON,45400.0,Platform License,Inbound Web,2025-10-20,2026-01-03,2026-01-03,R003
O00126,A0086,Tran Jordan and Williams - Data Module,Closed Won,,Professional Services,ZoomInfo List,2025-09-13,2025-10-10,2025-10-07,R002
O00127,A0010,Hoffman Baker and Richards - Professional Services,Qualifying,10500.0,Support Add-on,Outreach Sequence,2025-06-27,,2026-08-20,R012
O00128,A0138,Hill Inc - Professional Services,CLOSED LOST,22500.0,Platform License,Outreach Sequence,2026-03-02,2026-07-25,2026-07-24,R001
O00129,A0019,Smith-Bowen - Professional Services,proposal,4700.0,Professional Services,Inbound Web,2025-10-30,,2026-08-15,R016
O00130,A0098,Walker Ltd - Platform License,prospecting,7400.0,Data Module,Referral,2025-09-11,,2026-08-09,R014
O00131,A0007,Walter Edwards and Rios - Platform License,Qualification,32300.0,Professional Services,,2026-08-15,,2026-08-17,R014
O00132,A0001,Jones Reid and Ferguson - Platform License,Proposal,31700.0,Professional Services,Referral,2026-07-17,,2026-08-08,R010
O00133,A0113,Parker Ortiz and Powell - Support Add-on,qualification,26200.0,Professional Services,LinkedIn Sales Nav,2025-11-08,,2026-08-14,R016
O00134,A0034,Walker LLC - Professional Services,closed-lost,28400.0,Data Module,Referral,2026-04-07,2026-07-31,2026-07-29,R016
O00135,A0086,Tran Jordan and Williams - Support Add-on,PROSPECTING,12000.0,Data Module,Inbound Web,2025-04-11,,2026-08-11,R014
O00136,A0114,Spencer-Lee - Professional Services,Qualification,7700.0,Support Add-on,,2026-04-01,,2026-08-17,R007
O00137,A0147,Russell  Group - Professional Services,Closed Won,26500.0,Data Module,ZoomInfo List,2026-04-06,2026-08-28,2026-08-25,R007
O00138,A0024,George Group - Platform License,qualification,5600.0,Professional Services,Outreach Sequence,2025-12-13,,2025-12-28,R011
O00139,A0146,Jones-Young Incorporated - Professional Services,qualification,10600.0,Data Module,ZoomInfo List,2025-11-30,,2026-08-30,R007
O00140,A0015,Ferrell Rice and Maddox - Platform License,Qualification,16100.0,Data Module,ZoomInfo List,2025-09-25,,2025-10-02,R007
O00141,A0130,Holmes Williams and Wright - Data Module,Proposal,11200.0,Support Add-on,LinkedIn Sales Nav,2026-02-03,,2026-08-08,R008
O00142,A0146,Jones-Young Incorporated - Data Module,Qualifying,16200.0,Support Add-on,ZoomInfo List,2025-12-07,,2026-08-07,R012
O00143,A0051,Russell Group - Platform License,Qualification,8200.0,Support Add-on,Referral,2025-08-17,,2026-08-25,R003
O00144,A0067,Evans Stewart and Walton - Professional Services,Qualification,7800.0,Data Module,Referral,2025-06-30,,2025-07-13,R012
O00145,A0021,Harrell LLC - Data Module,Qualifying,3300.0,Professional Services,,2025-09-20,,2026-08-12,R008
O00146,A0115,Bentley Byrd and Orr - Platform License,Prospect,26800.0,Platform License,Outreach Sequence,2025-09-05,,2025-09-23,R006
O00147,A0134,Simmons Meadows and Griffin - Professional Services,CLOSED WON,29200.0,Platform License,ZoomInfo List,2026-07-13,2026-08-27,2026-08-22,R016
O00148,A0119,Lewis Kennedy and Santana - Data Module,Proposal,8000.0,Data Module,Outreach Sequence,2025-04-01,,2026-08-11,R017
O00149,A0026,Allen-Allen - Support Add-on,Proposal Sent,8700.0,Platform License,Referral,2026-08-25,,2026-09-11,R018
O00150,A0073,Turner Riggs and Roman - Professional Services,closed-won,2300.0,Professional Services,Referral,2025-06-17,2025-07-24,2025-07-24,R016
O00151,A0026,Allen-Allen - Data Module,Qualifying,11300.0,Data Module,Referral,2025-03-10,,2025-03-23,R012
O00152,A0090,Dickson-Brady - Platform License,closed-lost,13100.0,Platform License,Outreach Sequence,2025-12-25,2026-03-21,2026-03-16,R018
O00153,A0128,Stafford Inc - Professional Services,qualification,,Platform License,Inbound Web,2025-07-12,,2026-08-12,R010
O00154,A0004,Robinson Nguyen and Tate - Platform License,Negotiating,11900.0,Professional Services,ZoomInfo List,2025-06-13,,2026-08-29,R001
O00155,A0096,Gonzalez Group - Platform License,Qualification,21900.0,Professional Services,LinkedIn Sales Nav,2025-05-02,,2026-08-24,R007
O00156,A0131,Bryant Group - Professional Services,closed-lost,6700.0,Data Module,,2026-08-15,2026-08-31,2026-08-29,R009
O00157,A0141,Smith-Bowen - Support Add-on,proposal,44800.0,Platform License,Outreach Sequence,2025-09-26,,2025-09-29,R016
O00158,A0123,Hernandez Inc - Data Module,Qualification,14700.0,Support Add-on,Outreach Sequence,2025-06-10,,2025-06-30,R015
O00159,A0007,Walter Edwards and Rios - Data Module,CLOSED WON,19500.0,Data Module,ZoomInfo List,2025-11-25,2026-04-09,2026-04-08,R017
O00160,A0114,Spencer-Lee - Support Add-on,PROSPECTING,8400.0,Professional Services,Inbound Web,2025-08-07,,2026-08-10,R008
O00161,A0016,Frazier Inc - Support Add-on,Won,5100.0,Data Module,LinkedIn Sales Nav,2026-03-27,2026-07-07,2026-07-07,R016
O00162,A0129,Robinson-Brock - Data Module,Prospecting,67500.0,Platform License,Outreach Sequence,2025-11-28,,2025-12-13,R018
O00163,A0092,Johnson-Doyle - Data Module,Qualification,31800.0,Platform License,LinkedIn Sales Nav,2026-06-01,,2026-08-07,R002
O00164,A0068,Smith PLC - Professional Services,Proposal,5900.0,Professional Services,,2025-07-04,,2026-08-15,R010
O00165,A0005,Perez Inc - Professional Services,PROSPECTING,6200.0,Data Module,LinkedIn Sales Nav,2025-08-07,,2025-08-23,R001
O00166,A0135,Manning Group - Data Module,Qualification,3300.0,Professional Services,Inbound Web,2025-06-26,,2026-08-25,R011
O00167,A0095,Rodriguez Brennan and Garrison - Data Module,Prospecting,15600.0,Support Add-on,Inbound Web,2026-05-14,,2026-08-22,R010
O00168,A0020,Baker Mason and White - Professional Services,proposal,6700.0,Data Module,LinkedIn Sales Nav,2025-09-23,,2026-08-28,R013
O00169,A0131,Bryant Group - Data Module,Lost,35300.0,Professional Services,LinkedIn Sales Nav,2026-03-03,2026-05-26,2026-05-21,R003
O00170,A0092,Johnson-Doyle - Professional Services,Qualifying,22100.0,Platform License,,2025-08-11,,2026-08-14,R018
O00171,A0034,Walker LLC - Platform License,closed-lost,13500.0,Data Module,,2025-05-16,2025-09-15,2025-09-13,R007
O00172,A0053,Gray Group - Data Module,PROSPECTING,24200.0,Platform License,Inbound Web,2025-04-07,,2025-04-12,R015
O00173,A0071,Suarez LLC - Platform License,negotiation,8000.0,Support Add-on,,2025-04-28,,2026-08-10,R002
O00174,A0004,Robinson Nguyen and Tate - Platform License,prospecting,34000.0,Data Module,LinkedIn Sales Nav,2026-06-05,,2026-08-21,R014
O00175,A0100,Rasmussen LLC - Professional Services,Prospecting,7300.0,Data Module,LinkedIn Sales Nav,2025-06-17,,2025-07-04,R010
O00176,A0132,Schmidt Hansen and Stewart - Platform License,proposal,18100.0,Data Module,Outreach Sequence,2025-07-27,,2026-08-16,R016
O00177,A0145,Chapman  and  Sons - Support Add-on,Proposal,12300.0,Data Module,ZoomInfo List,2025-11-02,,2025-11-07,R016
O00178,A0141,Smith-Bowen - Support Add-on,Proposal Sent,9700.0,Platform License,,2025-03-16,,2025-03-31,R004
O00179,A0138,Hill Inc - Professional Services,PROSPECTING,9300.0,Professional Services,Referral,2026-05-06,,2026-08-11,R005
O00180,A0098,Walker Ltd - Professional Services,Qualifying,37800.0,Professional Services,,2026-03-21,,2026-08-25,R009
O00181,A0162,Simmons  Meadows  and  Griffin - Data Module,proposal,13300.0,Data Module,Outreach Sequence,2025-06-15,,2026-08-26,R005
O00182,A0067,Evans Stewart and Walton - Professional Services,qualification,18400.0,Support Add-on,LinkedIn Sales Nav,2026-01-24,,2026-08-30,R015
O00183,A0007,Walter Edwards and Rios - Support Add-on,Proposal Sent,6500.0,Data Module,Referral,2026-02-11,,2026-08-17,R011
O00184,A0031,Hickman Ltd - Support Add-on,Negotiating,6600.0,Platform License,,2025-07-26,,2026-08-18,R010
O00185,A0158,Chandler-Edwards - Professional Services,Qualification,10800.0,Data Module,Inbound Web,2026-04-16,,2026-04-22,R012
O00186,A0102,Rivera Johnson and Wiley - Professional Services,Negotiating,6500.0,Professional Services,Inbound Web,2026-04-12,,2026-04-30,R007
O00187,A0153,Mckee  Gardner  and  Davenport - Support Add-on,PROSPECTING,6900.0,Platform License,Inbound Web,2025-11-09,,2026-08-13,R008
O00188,A0030,Martin Rose and Obrien - Data Module,Qualifying,12200.0,Data Module,Inbound Web,2026-04-14,,2026-08-16,R013
O00189,A0004,Robinson Nguyen and Tate - Support Add-on,Proposal,44900.0,Platform License,LinkedIn Sales Nav,2025-06-03,,2026-08-07,R012
O00190,A0021,Harrell LLC - Data Module,Proposal,14400.0,Platform License,Referral,2026-01-13,,2026-08-14,R015
O00191,A0152,Williams-Cook - Platform License,qualification,4600.0,Data Module,Referral,2026-05-07,,2026-08-21,R001
O00192,A0153,Mckee  Gardner  and  Davenport - Platform License,Closed Lost,2300.0,Data Module,LinkedIn Sales Nav,2026-01-20,2026-07-16,2026-07-15,R010
O00193,A0029,Anderson Group - Professional Services,Closed Won,16500.0,Professional Services,,2025-09-09,2026-01-09,2026-01-09,R007
O00194,A0108,Smith-Frost - Professional Services,CLOSED WON,5900.0,Professional Services,Outreach Sequence,2025-09-06,2025-10-28,2025-10-24,R002
O00195,A0130,Holmes Williams and Wright - Support Add-on,proposal,3800.0,Support Add-on,Referral,2025-09-06,,2026-08-22,R017
O00196,A0129,Robinson-Brock - Support Add-on,Closed Lost,10200.0,Professional Services,,2025-12-01,2026-01-14,2026-01-11,R010
O00197,A0034,Walker LLC - Data Module,qualification,1900.0,Data Module,ZoomInfo List,2026-04-18,,2026-04-26,R002
O00198,A0062,Hensley Powell and David - Platform License,Negotiating,17400.0,Data Module,Referral,2025-11-29,,2026-08-12,R007
O00199,A0072,Moore-Bass - Platform License,Won,12600.0,Platform License,,2025-11-20,2026-03-26,2026-03-23,R016
O00200,A0118,Lawson Morris and Ramos - Data Module,negotiation,3900.0,Professional Services,Inbound Web,2025-05-19,,2026-08-30,R008
O00201,A0104,Johnson-Carlson - Professional Services,Proposal Sent,10000.0,Data Module,LinkedIn Sales Nav,2026-01-27,,2026-08-22,R016
O00202,A0156,Gonzalez  Group - Platform License,Prospect,23400.0,Data Module,ZoomInfo List,2026-07-13,,2026-07-19,R017
O00203,A0137,Ramirez Strickland and Washington - Support Add-on,Lost,32200.0,Support Add-on,Outreach Sequence,2026-04-18,2026-06-07,2026-06-05,R014
O00204,A0017,Dyer Potter and Mack - Professional Services,negotiation,41200.0,Data Module,,2025-08-16,,2025-08-29,R011
O00205,A0073,Turner Riggs and Roman - Professional Services,Closed Won,8400.0,Data Module,Outreach Sequence,2026-05-30,2026-08-02,2026-07-30,R011
O00206,A0089,Wright Garcia and Deleon - Data Module,Closed Won,9800.0,Platform License,,2026-08-23,2026-08-30,2026-08-27,R014
O00207,A0134,Simmons Meadows and Griffin - Professional Services,PROSPECTING,25200.0,Professional Services,Outreach Sequence,2026-05-19,,2026-08-28,R016
O00208,A0096,Gonzalez Group - Professional Services,negotiation,4400.0,Professional Services,Inbound Web,2025-03-06,,2026-08-18,R003
O00209,A0051,Russell Group - Data Module,Closed Won,11100.0,Support Add-on,Inbound Web,2025-06-04,2025-07-09,2025-07-08,R006
O00210,A0071,Suarez LLC - Support Add-on,closed-won,35700.0,Platform License,,2025-10-13,2026-01-01,2025-12-27,R017
O00211,A0135,Manning Group - Platform License,qualification,13900.0,Professional Services,Inbound Web,2025-10-27,,2026-08-09,R008
O00212,A0048,Morton-Chase - Platform License,Prospect,22900.0,Support Add-on,LinkedIn Sales Nav,2025-08-01,,2026-08-30,R011
O00213,A0106,Joyce Wilson and Lam - Data Module,proposal,20300.0,Platform License,Outreach Sequence,2026-04-18,,2026-08-15,R008
O00214,A0036,Robinson Jones and Welch - Data Module,prospecting,32100.0,Support Add-on,,2026-06-23,,2026-06-25,R013
O00215,A0106,Joyce Wilson and Lam - Professional Services,CLOSED WON,5400.0,Support Add-on,Outreach Sequence,2025-04-05,2025-07-26,2025-07-26,R003
O00216,A0073,Turner Riggs and Roman - Data Module,prospecting,6500.0,Platform License,LinkedIn Sales Nav,2025-10-18,,2026-08-28,R007
O00217,A0016,Frazier Inc - Data Module,closed-won,8200.0,Platform License,Inbound Web,2025-06-10,2025-07-04,2025-07-03,R015
O00218,A0145,Chapman  and  Sons - Professional Services,qualification,12100.0,Platform License,ZoomInfo List,2026-07-06,,2026-08-27,R016
O00219,A0029,Anderson Group - Support Add-on,Lost,9600.0,Platform License,Outreach Sequence,2025-04-10,2025-06-01,2025-05-30,R015
O00220,A0113,Parker Ortiz and Powell - Platform License,Won,12200.0,Data Module,Inbound Web,2025-09-22,2026-02-13,2026-02-13,R003
O00221,A0095,Rodriguez Brennan and Garrison - Support Add-on,Qualifying,9700.0,Platform License,Referral,2025-03-26,,2026-08-27,R010
O00222,A0072,Moore-Bass - Data Module,qualification,36800.0,Support Add-on,Inbound Web,2026-05-05,,2026-05-06,R007
O00223,A0090,Dickson-Brady - Data Module,Prospecting,22400.0,Professional Services,LinkedIn Sales Nav,2026-03-31,,2026-08-10,R003
O00224,A0026,Allen-Allen - Platform License,proposal,21300.0,Platform License,ZoomInfo List,2025-12-20,,2025-12-23,R012
O00225,A0147,Russell  Group - Support Add-on,Closed Won,28600.0,Support Add-on,LinkedIn Sales Nav,2026-01-15,2026-05-07,2026-05-07,R003
O00226,A0151,Moore-Bass - Support Add-on,Proposal,10600.0,Professional Services,Inbound Web,2026-06-04,,2026-08-23,R008
O00227,A0156,Gonzalez  Group - Professional Services,Negotiating,3900.0,Professional Services,Outreach Sequence,2025-08-19,,2026-08-08,R008
O00228,A0091,Hancock and Sons - Support Add-on,PROSPECTING,11200.0,Platform License,,2025-07-08,,2026-08-10,R013
O00229,A0045,Wright and Sons - Professional Services,Won,2900.0,Data Module,Inbound Web,2025-08-11,2025-09-16,2025-09-15,R010
O00230,A0055,Henderson-Bernard - Data Module,closed-lost,6100.0,Support Add-on,Inbound Web,2026-07-01,2026-08-31,2026-08-31,R001
O00231,A0105,Chandler-Edwards - Platform License,negotiation,16100.0,Data Module,,2026-06-06,,2026-06-19,R004
O00232,A0097,Torres-Pope - Support Add-on,Qualifying,23300.0,Support Add-on,Inbound Web,2026-04-20,,2026-08-07,R017
O00233,A0099,Ross LLC - Platform License,Qualification,2600.0,Professional Services,Inbound Web,2025-11-26,,2025-12-15,R008
O00234,A0097,Torres-Pope - Support Add-on,Qualification,3000.0,Data Module,LinkedIn Sales Nav,2025-05-11,,2026-08-08,R010
O00235,A0087,Nolan-Flynn - Professional Services,PROSPECTING,8100.0,Support Add-on,ZoomInfo List,2026-05-01,,2026-08-10,R015
O00236,A0031,Hickman Ltd - Support Add-on,Won,21100.0,Professional Services,Outreach Sequence,2026-05-30,2026-08-27,2026-08-27,R016
O00237,A0074,Smith Montoya and Evans - Professional Services,closed-won,4400.0,Platform License,Outreach Sequence,2025-07-13,2025-08-16,2025-08-13,R001
O00238,A0113,Parker Ortiz and Powell - Support Add-on,closed-won,5700.0,Platform License,Referral,2026-06-29,2026-08-11,2026-08-10,R013
O00239,A0012,Snyder Campos and Callahan - Data Module,Closed Lost,5100.0,Professional Services,Outreach Sequence,2025-12-09,2025-12-24,2025-12-24,R014
O00240,A0012,Snyder Campos and Callahan - Data Module,Prospect,21600.0,Data Module,Outreach Sequence,2025-09-26,,2025-10-15,R015
O00241,A0032,Harris Collins and Carney - Support Add-on,closed-won,17400.0,Support Add-on,Inbound Web,2025-08-05,2025-11-13,2025-11-12,R017
O00242,A0037,Jones Inc - Data Module,prospecting,12500.0,Platform License,Outreach Sequence,2026-04-01,,2026-08-17,R015
O00243,A0027,Arroyo Miller and Tucker - Platform License,Proposal Sent,3800.0,Data Module,,2025-11-18,,2025-12-05,R005
O00244,A0027,Arroyo Miller and Tucker - Data Module,Proposal Sent,5700.0,Support Add-on,ZoomInfo List,2025-08-29,,2025-09-17,R017
O00245,A0148,NOVAK PLC - Data Module,Qualification,27700.0,Support Add-on,Referral,2026-08-05,,2026-08-14,R004
O00246,A0096,Gonzalez Group - Platform License,Closed Lost,14800.0,Professional Services,Referral,2026-01-05,2026-03-19,2026-03-14,R013
O00247,A0146,Jones-Young Incorporated - Support Add-on,Qualification,5800.0,Platform License,,2025-07-30,,2025-08-18,R013
O00248,A0107,Scott Ltd - Data Module,closed-lost,18200.0,Support Add-on,ZoomInfo List,2025-09-05,2026-02-06,2026-02-05,R009
O00249,A0065,Donovan-Harris - Data Module,Prospecting,,Platform License,LinkedIn Sales Nav,2025-04-16,,2025-04-24,R004
O00250,A0043,Brown Valdez and Lucas - Professional Services,Won,19200.0,Professional Services,Outreach Sequence,2026-02-06,2026-04-02,2026-03-31,R006
O00251,A0013,Burton Ltd - Data Module,Closed Won,14100.0,Platform License,LinkedIn Sales Nav,2025-03-11,2025-06-24,2025-06-19,R009
O00252,A0003,Mayo-Bowman - Data Module,Qualification,6100.0,Support Add-on,ZoomInfo List,2025-10-26,,2026-08-19,R007
O00253,A0009,Baker and Sons - Support Add-on,qualification,8300.0,Professional Services,ZoomInfo List,2025-08-31,,2026-08-20,R001
O00254,A0019,Smith-Bowen - Professional Services,CLOSED LOST,7300.0,Platform License,Inbound Web,2026-08-30,2026-08-31,2026-08-30,R017
O00255,A0132,Schmidt Hansen and Stewart - Platform License,Qualification,51900.0,Support Add-on,Inbound Web,2026-04-09,,2026-04-20,R006
O00256,A0129,Robinson-Brock - Platform License,Qualification,17100.0,Platform License,Outreach Sequence,2026-08-20,,2026-08-21,R003
O00257,A0094,Shields Cochran and Adams - Data Module,Proposal Sent,12400.0,Support Add-on,Referral,2025-08-01,,2026-08-19,R001
O00258,A0103,White-Estes - Professional Services,Prospect,26900.0,Professional Services,Inbound Web,2025-08-12,,2026-08-14,R004
O00259,A0053,Gray Group - Platform License,Closed Won,20600.0,Platform License,LinkedIn Sales Nav,2026-06-17,2026-08-31,2026-08-29,R005
O00260,A0048,Morton-Chase - Platform License,closed-lost,8400.0,Support Add-on,Referral,2026-03-10,2026-04-08,2026-04-04,R012
O00261,A0101,May-Ross - Data Module,CLOSED WON,4500.0,Professional Services,Outreach Sequence,2025-04-24,2025-10-18,2025-10-17,R004
O00262,A0075,Garcia Humphrey and Baker - Support Add-on,Qualification,8500.0,Support Add-on,LinkedIn Sales Nav,2026-05-20,,2026-08-15,R002
O00263,A0098,Walker Ltd - Support Add-on,Prospect,11700.0,Platform License,Inbound Web,2025-12-31,,2026-08-17,R001
O00264,A0158,Chandler-Edwards - Platform License,qualification,13900.0,Professional Services,ZoomInfo List,2026-06-03,,2026-08-17,R001
O00265,A0023,Ryan PLC - Data Module,CLOSED LOST,8800.0,Data Module,,2025-11-06,2025-12-15,2025-12-13,R005
O00266,A0023,Ryan PLC - Data Module,Prospect,16300.0,Platform License,LinkedIn Sales Nav,2025-12-03,,2025-12-16,R008
O00267,A0095,Rodriguez Brennan and Garrison - Platform License,Proposal,37200.0,Platform License,,2025-06-07,,2026-08-14,R001
O00268,A0109,Mcdaniel Bentley and Mclaughlin - Data Module,CLOSED WON,8200.0,Data Module,Referral,2025-09-13,2026-02-20,2026-02-19,R006
O00269,A0015,Ferrell Rice and Maddox - Platform License,Negotiation,6700.0,Professional Services,Outreach Sequence,2025-05-02,,2026-08-30,R016
O00270,A0117,Mitchell-Jordan - Platform License,prospecting,53300.0,Data Module,Outreach Sequence,2025-05-29,,2026-08-07,R010
O00271,A0151,Moore-Bass - Platform License,qualification,15900.0,Platform License,Inbound Web,2025-06-12,,2025-07-02,R015
O00272,A0032,Harris Collins and Carney - Data Module,Proposal Sent,25400.0,Platform License,Inbound Web,2025-07-21,,2026-09-01,R008
O00273,A0013,Burton Ltd - Support Add-on,Prospecting,37100.0,Support Add-on,Inbound Web,2026-03-31,,2026-08-14,R010
O00274,A0003,Mayo-Bowman - Support Add-on,Proposal Sent,,Data Module,ZoomInfo List,2025-12-04,,2026-08-17,R018
O00275,A0087,Nolan-Flynn - Support Add-on,PROSPECTING,36000.0,Support Add-on,Outreach Sequence,2025-07-16,,2026-08-31,R006
O00276,A0064,Sandoval-Cunningham - Platform License,Won,2100.0,Professional Services,ZoomInfo List,2025-09-20,2025-12-18,2025-12-16,R017
O00277,A0125,Gibson Ltd - Platform License,CLOSED LOST,57200.0,Professional Services,Inbound Web,2025-10-28,2026-01-28,2026-01-26,R015
O00278,A0140,Miller Hernandez and Reyes - Platform License,CLOSED LOST,21500.0,Professional Services,Outreach Sequence,2026-01-27,2026-06-10,2026-06-06,R006
O00279,A0134,Simmons Meadows and Griffin - Platform License,CLOSED WON,5200.0,Professional Services,ZoomInfo List,2025-10-17,2025-11-30,2025-11-26,R007
O00280,A0094,Shields Cochran and Adams - Support Add-on,closed-won,28600.0,Professional Services,LinkedIn Sales Nav,2026-02-07,2026-02-25,2026-02-22,R001
O00281,A0025,Rodriguez LLC - Professional Services,CLOSED WON,8900.0,Support Add-on,Inbound Web,2025-08-19,2026-02-07,2026-02-07,R009
O00282,A0090,Dickson-Brady - Support Add-on,Prospect,9500.0,Platform License,LinkedIn Sales Nav,2025-06-01,,2026-08-21,R011
O00283,A0085,Mckee Gardner and Davenport - Professional Services,Proposal,12000.0,Professional Services,,2026-08-03,,2026-08-08,R004
O00284,A0119,Lewis Kennedy and Santana - Platform License,Qualifying,61200.0,Data Module,ZoomInfo List,2026-02-01,,2026-08-08,R016
O00285,A0043,Brown Valdez and Lucas - Support Add-on,Negotiation,17600.0,Support Add-on,Inbound Web,2026-03-07,,2026-03-27,R016
O00286,A0128,Stafford Inc - Data Module,CLOSED WON,8700.0,Platform License,Outreach Sequence,2025-08-11,2025-10-24,2025-10-23,R001
O00287,A0073,Turner Riggs and Roman - Support Add-on,Lost,5600.0,Support Add-on,,2025-03-26,2025-08-26,2025-08-21,R016
O00288,A0069,Ferrell Jones and Lewis - Support Add-on,Proposal Sent,5900.0,Support Add-on,,2026-05-13,,2026-08-12,R013
O00289,A0113,Parker Ortiz and Powell - Data Module,qualification,4300.0,Support Add-on,,2025-10-30,,2026-08-31,R002
O00290,A0120,Jackson Miller and Robertson - Data Module,CLOSED WON,4300.0,Data Module,,2026-04-10,2026-07-04,2026-07-02,R005
O00291,A0105,Chandler-Edwards - Professional Services,negotiation,8000.0,Data Module,,2026-07-26,,2026-08-22,R009
O00292,A0160,Bentley Byrd and Orr Inc. - Platform License,Proposal,4400.0,Data Module,ZoomInfo List,2025-08-29,,2026-08-15,R016
O00293,A0145,Chapman  and  Sons - Support Add-on,closed-won,8300.0,Professional Services,,2025-12-10,2026-03-15,2026-03-10,R002
O00294,A0116,Carroll Sullivan and Bass - Platform License,Proposal Sent,7200.0,Data Module,Outreach Sequence,2025-10-21,,2026-08-14,R006
O00295,A0016,Frazier Inc - Support Add-on,Proposal,29200.0,Data Module,Outreach Sequence,2026-06-20,,2026-08-11,R005
O00296,A0060,Yu Inc - Data Module,prospecting,9400.0,Professional Services,LinkedIn Sales Nav,2026-03-30,,2026-04-18,R015
O00297,A0128,Stafford Inc - Support Add-on,CLOSED WON,12200.0,Platform License,Outreach Sequence,2026-02-28,2026-06-03,2026-05-29,R013
O00298,A0073,Turner Riggs and Roman - Platform License,Qualification,8800.0,Professional Services,Referral,2025-05-26,,2026-08-27,R016
O00299,A0143,Brooks  Lam  and  Hayes - Platform License,Negotiating,8000.0,Professional Services,,2025-06-13,,2026-08-17,R009
O00300,A0089,Wright Garcia and Deleon - Platform License,Lost,,Professional Services,ZoomInfo List,2025-08-14,2026-01-06,2026-01-05,R002
O00301,A0157,Johnson-Carlson Incorporated - Platform License,Qualification,11300.0,Platform License,LinkedIn Sales Nav,2025-09-13,,2026-08-14,R016
O00302,A0151,Moore-Bass - Professional Services,proposal,7100.0,Support Add-on,Inbound Web,2025-11-07,,2026-08-22,R013
O00303,A0118,Lawson Morris and Ramos - Professional Services,closed-won,6400.0,Professional Services,,2025-08-29,2025-12-20,2025-12-20,R014
O00304,A0139,Mitchell Nelson and Flores - Support Add-on,Negotiation,86500.0,Platform License,Referral,2026-08-09,,2026-08-11,R016
O00305,A0008,Wilkerson-Day - Data Module,negotiation,14300.0,Data Module,Inbound Web,2026-07-13,,2026-08-31,R018
O00306,A0129,Robinson-Brock - Platform License,Proposal Sent,17300.0,Support Add-on,Inbound Web,2026-04-27,,2026-08-26,R007
O00307,A0099,Ross LLC - Platform License,Negotiating,7300.0,Platform License,LinkedIn Sales Nav,2026-05-20,,2026-08-10,R011
O00308,A0004,Robinson Nguyen and Tate - Support Add-on,CLOSED WON,16000.0,Professional Services,LinkedIn Sales Nav,2026-05-07,2026-07-06,2026-07-02,R016
O00309,A0071,Suarez LLC - Data Module,Qualification,2900.0,Support Add-on,ZoomInfo List,2025-07-08,,2026-08-26,R015
O00310,A0150,Suarez LLC Inc. - Professional Services,Prospecting,5200.0,Platform License,Referral,2026-08-29,,2026-08-14,R013
O00311,A0069,Ferrell Jones and Lewis - Support Add-on,Closed Won,11200.0,Support Add-on,Inbound Web,2026-06-16,2026-08-30,2026-08-25,R006
O00312,A0014,Carlson-Cruz - Support Add-on,prospecting,10900.0,Data Module,,2026-07-11,,2026-08-23,R001
O00313,A0011,Ross Robinson and Bright - Professional Services,Prospecting,25000.0,Support Add-on,LinkedIn Sales Nav,2026-05-05,,2026-05-10,R002
O00314,A0131,Bryant Group - Professional Services,Lost,3500.0,Platform License,Inbound Web,2025-06-09,2025-07-12,2025-07-10,R010
O00315,A0028,Spence PLC - Data Module,Lost,6200.0,Professional Services,Outreach Sequence,2025-07-18,2025-11-03,2025-10-29,R014
O00316,A0148,NOVAK PLC - Data Module,Closed Won,14600.0,Data Module,ZoomInfo List,2026-04-18,2026-06-07,2026-06-07,R013
O00317,A0116,Carroll Sullivan and Bass - Platform License,Closed Won,1800.0,Data Module,Inbound Web,2025-08-08,2025-09-20,2025-09-17,R018
O00318,A0062,Hensley Powell and David - Professional Services,PROSPECTING,7700.0,Support Add-on,Referral,2026-07-15,,2026-08-01,R007
O00319,A0115,Bentley Byrd and Orr - Data Module,Closed Won,5100.0,Support Add-on,,2025-03-14,2025-07-12,2025-07-07,R017
O00320,A0070,Anderson-Bailey - Data Module,Prospecting,6700.0,Data Module,ZoomInfo List,2025-08-02,,2025-08-08,R004
O00321,A0031,Hickman Ltd - Platform License,Won,3400.0,Professional Services,Referral,2026-06-16,2026-08-26,2026-08-24,R012
O00322,A0070,Anderson-Bailey - Data Module,Proposal,20700.0,Platform License,Inbound Web,2025-08-09,,2025-08-24,R015
O00323,A0004,Robinson Nguyen and Tate - Data Module,Qualifying,19600.0,Platform License,Referral,2025-05-31,,2026-09-01,R012
O00324,A0094,Shields Cochran and Adams - Data Module,Won,24400.0,Support Add-on,LinkedIn Sales Nav,2026-08-31,2026-08-27,2026-08-26,R013
O00325,A0093,Patton-Jenkins - Support Add-on,CLOSED WON,14300.0,Data Module,Outreach Sequence,2026-07-07,2026-08-27,2026-08-23,R012
O00326,A0082,Walsh LLC - Support Add-on,closed-won,4200.0,Support Add-on,,2026-05-24,2026-06-03,2026-06-01,R011
O00327,A0066,Edwards Baker and Anderson - Data Module,prospecting,18000.0,Platform License,LinkedIn Sales Nav,2026-05-15,,2026-08-10,R003
O00328,A0160,Bentley Byrd and Orr Inc. - Platform License,Qualifying,2700.0,Data Module,Outreach Sequence,2026-02-12,,2026-02-19,R009
O00329,A0114,Spencer-Lee - Professional Services,CLOSED WON,26000.0,Data Module,Outreach Sequence,2026-04-27,2026-09-01,2026-08-27,R011
O00330,A0024,George Group - Professional Services,CLOSED WON,58100.0,Professional Services,,2025-03-06,2025-08-12,2025-08-09,R002
O00331,A0081,Williams-Cook - Professional Services,PROSPECTING,19200.0,Support Add-on,Inbound Web,2026-04-22,,2026-08-20,R010
O00332,A0050,Novak and Sons - Support Add-on,CLOSED LOST,9200.0,Support Add-on,,2025-09-14,2025-10-28,2025-10-27,R001
O00333,A0014,Carlson-Cruz - Professional Services,qualification,18900.0,Professional Services,Referral,2026-01-21,,2026-08-11,R013
O00334,A0117,Mitchell-Jordan - Data Module,Won,9100.0,Support Add-on,Inbound Web,2025-10-05,2026-03-07,2026-03-04,R018
O00335,A0064,Sandoval-Cunningham - Professional Services,Proposal,14500.0,Support Add-on,ZoomInfo List,2026-08-18,,2026-08-31,R004
O00336,A0129,Robinson-Brock - Professional Services,closed-won,20200.0,Platform License,LinkedIn Sales Nav,2025-11-11,2025-12-06,2025-12-01,R011
O00337,A0129,Robinson-Brock - Support Add-on,prospecting,48400.0,Platform License,Inbound Web,2025-05-25,,2026-08-15,R009
O00338,A0025,Rodriguez LLC - Support Add-on,proposal,4000.0,Professional Services,Referral,2025-07-31,,2025-08-18,R009
O00339,A0135,Manning Group - Professional Services,Won,4600.0,Professional Services,LinkedIn Sales Nav,2025-06-04,2025-11-11,2025-11-07,R017
O00340,A0106,Joyce Wilson and Lam - Platform License,Prospecting,5300.0,Data Module,Outreach Sequence,2025-05-29,,2025-06-04,R004
O00341,A0066,Edwards Baker and Anderson - Platform License,Qualifying,4800.0,Support Add-on,Inbound Web,2025-06-19,,2025-07-08,R004
O00342,A0047,Baxter Inc - Support Add-on,PROSPECTING,4800.0,Data Module,Referral,2026-03-26,,2026-08-08,R014
O00343,A0038,Jones-Young - Professional Services,PROSPECTING,10900.0,Data Module,Referral,2025-08-30,,2026-08-27,R005
O00344,A0078,Harris-Walters - Support Add-on,prospecting,29700.0,Support Add-on,ZoomInfo List,2025-07-14,,2026-08-11,R002
O00345,A0093,Patton-Jenkins - Support Add-on,proposal,,Data Module,ZoomInfo List,2025-03-06,,2026-08-12,R015
O00346,A0039,Washington Ryan and Cummings - Support Add-on,Lost,6000.0,Platform License,Referral,2025-12-25,2026-04-11,2026-04-11,R004
O00347,A0141,Smith-Bowen - Professional Services,proposal,11700.0,Support Add-on,Referral,2025-08-13,,2026-08-31,R004
O00348,A0119,Lewis Kennedy and Santana - Professional Services,closed-lost,5400.0,Professional Services,,2026-06-08,2026-08-27,2026-08-27,R001
O00349,A0035,Chapman and Sons - Data Module,closed-won,39200.0,Platform License,,2025-06-23,2025-11-17,2025-11-12,R017
O00350,A0059,Woods Calhoun and Schmidt - Support Add-on,PROSPECTING,12500.0,Platform License,Referral,2026-03-27,,2026-03-30,R014
O00351,A0147,Russell  Group - Data Module,CLOSED LOST,16600.0,Support Add-on,Outreach Sequence,2026-01-10,2026-04-29,2026-04-26,R017
O00352,A0033,Brooks Lam and Hayes - Platform License,negotiation,6400.0,Platform License,LinkedIn Sales Nav,2025-07-29,,2025-08-18,R010
O00353,A0022,Romero Gonzalez and Brooks - Data Module,PROSPECTING,33000.0,Data Module,Inbound Web,2025-04-04,,2026-08-23,R005
O00354,A0104,Johnson-Carlson - Support Add-on,proposal,11300.0,Professional Services,LinkedIn Sales Nav,2026-07-31,,2026-08-13,R003
O00355,A0092,Johnson-Doyle - Platform License,Closed Lost,22000.0,Platform License,Referral,2025-08-14,2026-01-12,2026-01-08,R011
O00356,A0095,Rodriguez Brennan and Garrison - Professional Services,Proposal,42100.0,Professional Services,ZoomInfo List,2025-07-24,,2025-08-05,R015
O00357,A0017,Dyer Potter and Mack - Platform License,Negotiating,15600.0,Data Module,,2026-01-17,,2026-01-23,R003
O00358,A0011,Ross Robinson and Bright - Data Module,Qualification,3800.0,Support Add-on,LinkedIn Sales Nav,2026-06-18,,2026-06-25,R009
O00359,A0001,Jones Reid and Ferguson - Professional Services,Negotiation,6000.0,Support Add-on,Inbound Web,2026-04-22,,2026-05-12,R006
O00360,A0134,Simmons Meadows and Griffin - Support Add-on,qualification,18300.0,Support Add-on,Inbound Web,2025-05-27,,2025-06-15,R002
O00361,A0159,DIAZ INC - Data Module,prospecting,40500.0,Support Add-on,LinkedIn Sales Nav,2026-03-12,,2026-08-10,R001
O00362,A0108,Smith-Frost - Support Add-on,Negotiating,4700.0,Data Module,Referral,2026-04-16,,2026-08-18,R010
O00363,A0090,Dickson-Brady - Professional Services,Prospecting,23000.0,Support Add-on,,2026-05-12,,2026-08-28,R005
O00364,A0015,Ferrell Rice and Maddox - Professional Services,Closed Won,15200.0,Platform License,Referral,2026-06-14,2026-08-31,2026-08-27,R018
O00365,A0018,Rodriguez-Graham - Data Module,proposal,9600.0,Professional Services,Referral,2025-12-08,,2026-08-08,R018
O00366,A0070,Anderson-Bailey - Professional Services,Prospecting,,Professional Services,Referral,2025-11-07,,2026-08-16,R001
O00367,A0024,George Group - Professional Services,Proposal,48800.0,Data Module,LinkedIn Sales Nav,2026-04-10,,2026-08-14,R015
O00368,A0161,RIGGS PLC - Platform License,Qualifying,12800.0,Professional Services,Referral,2026-07-21,,2026-07-30,R004
O00369,A0125,Gibson Ltd - Support Add-on,Proposal Sent,16500.0,Platform License,,2025-08-27,,2026-08-31,R017
O00370,A0112,Cortez LLC - Professional Services,Negotiating,26400.0,Data Module,,2025-03-16,,2026-08-24,R005
O00371,A0073,Turner Riggs and Roman - Data Module,qualification,24300.0,Professional Services,Referral,2025-08-09,,2026-08-30,R015
O00372,A0022,Romero Gonzalez and Brooks - Platform License,Qualifying,33000.0,Professional Services,Inbound Web,2025-07-12,,2026-08-17,R007
O00373,A0026,Allen-Allen - Professional Services,qualification,17800.0,Support Add-on,Referral,2026-03-15,,2026-08-26,R017
O00374,A0055,Henderson-Bernard - Data Module,Negotiating,5200.0,Data Module,ZoomInfo List,2026-05-02,,2026-08-09,R017
O00375,A0161,RIGGS PLC - Professional Services,Negotiating,8900.0,Professional Services,,2026-03-19,,2026-03-21,R005
O00376,A0044,Powell LLC - Data Module,prospecting,8100.0,Platform License,,2025-03-25,,2025-04-03,R009
O00377,A0131,Bryant Group - Data Module,closed-lost,7100.0,Professional Services,ZoomInfo List,2025-11-14,2026-03-18,2026-03-14,R016
O00378,A0038,Jones-Young - Support Add-on,negotiation,11300.0,Professional Services,,2025-07-07,,2026-08-27,R018
O00379,A0149,SANDOVAL-CUNNINGHAM - Platform License,Closed Lost,30500.0,Platform License,ZoomInfo List,2025-09-15,2025-11-22,2025-11-19,R006
O00380,A0073,Turner Riggs and Roman - Data Module,CLOSED WON,20600.0,Platform License,Referral,2025-03-14,2025-05-01,2025-04-27,R013
O00381,A0146,Jones-Young Incorporated - Platform License,Closed Won,2200.0,Data Module,Referral,2025-04-03,2025-08-14,2025-08-09,R004
O00382,A0152,Williams-Cook - Data Module,Qualification,14300.0,Data Module,LinkedIn Sales Nav,2025-06-27,,2026-08-19,R007
O00383,A0129,Robinson-Brock - Platform License,Proposal Sent,16600.0,Support Add-on,Referral,2026-05-23,,2026-08-25,R013
O00384,A0145,Chapman  and  Sons - Platform License,Qualification,,Platform License,Inbound Web,2025-07-09,,2026-08-07,R007
O00385,A0004,Robinson Nguyen and Tate - Data Module,Won,34600.0,Support Add-on,LinkedIn Sales Nav,2026-02-02,2026-05-27,2026-05-25,R005
O00386,A0015,Ferrell Rice and Maddox - Data Module,negotiation,7300.0,Data Module,ZoomInfo List,2025-06-24,,2025-07-07,R006
O00387,A0122,Chambers and Sons - Data Module,Proposal Sent,16200.0,Professional Services,,2025-08-17,,2025-08-27,R007
O00388,A0104,Johnson-Carlson - Data Module,CLOSED WON,6400.0,Support Add-on,Referral,2026-05-02,2026-06-22,2026-06-22,R009
O00389,A0092,Johnson-Doyle - Data Module,Prospecting,16300.0,Platform License,Outreach Sequence,2026-07-09,,2026-08-28,R016
O00390,A0112,Cortez LLC - Data Module,Qualification,3600.0,Support Add-on,,2025-12-05,,2026-08-09,R016
O00391,A0107,Scott Ltd - Support Add-on,closed-lost,,Professional Services,Outreach Sequence,2026-07-04,2026-08-28,2026-08-25,R003
O00392,A0148,NOVAK PLC - Professional Services,Proposal,,Platform License,ZoomInfo List,2025-03-27,,2026-08-11,R005
O00393,A0120,Jackson Miller and Robertson - Platform License,CLOSED LOST,16300.0,Platform License,Outreach Sequence,2026-06-04,2026-08-28,2026-08-25,R006
O00394,A0006,Morales-Jones - Professional Services,Won,11300.0,Data Module,Inbound Web,2025-11-13,2026-02-19,2026-02-17,R009
O00395,A0011,Ross Robinson and Bright - Support Add-on,Qualifying,13000.0,Support Add-on,Outreach Sequence,2026-08-27,,2026-08-15,R018
O00396,A0110,Diaz Inc - Professional Services,Lost,3000.0,Support Add-on,Inbound Web,2025-03-24,2025-07-25,2025-07-22,R018
O00397,A0070,Anderson-Bailey - Data Module,Closed Lost,16100.0,Professional Services,,2025-05-17,2025-09-27,2025-09-27,R014
O00398,A0112,Cortez LLC - Support Add-on,CLOSED WON,36900.0,Professional Services,LinkedIn Sales Nav,2026-01-08,2026-04-18,2026-04-14,R003
O00399,A0082,Walsh LLC - Professional Services,proposal,18400.0,Data Module,LinkedIn Sales Nav,2026-05-28,,2026-08-30,R011
O00400,A0056,Stanley Tucker and Lee - Professional Services,qualification,19700.0,Professional Services,,2025-09-03,,2025-09-10,R017
O00401,A0008,Wilkerson-Day - Support Add-on,closed-won,67400.0,Professional Services,Outreach Sequence,2025-12-27,2026-03-05,2026-03-04,R015
O00402,A0105,Chandler-Edwards - Data Module,CLOSED LOST,19800.0,Support Add-on,Referral,2026-05-01,2026-08-31,2026-08-27,R015
O00403,A0034,Walker LLC - Support Add-on,proposal,17900.0,Data Module,ZoomInfo List,2025-10-13,,2026-08-17,R007
O00404,A0153,Mckee  Gardner  and  Davenport - Support Add-on,Prospect,,Data Module,,2026-04-22,,2026-08-15,R009
O00405,A0134,Simmons Meadows and Griffin - Platform License,Proposal,9100.0,Platform License,,2026-03-06,,2026-08-18,R013
O00406,A0076,Newton and Sons - Professional Services,Qualification,15200.0,Support Add-on,ZoomInfo List,2026-01-28,,2026-02-17,R014
O00407,A0135,Manning Group - Professional Services,proposal,15100.0,Data Module,,2025-11-29,,2025-12-05,R008
O00408,A0040,Johnston Sanchez and Kennedy - Professional Services,Qualifying,5100.0,Platform License,,2025-08-15,,2025-08-21,R001
O00409,A0022,Romero Gonzalez and Brooks - Professional Services,CLOSED WON,38000.0,Data Module,Outreach Sequence,2025-11-28,2026-03-15,2026-03-14,R002
O00410,A0079,Wagner-King - Support Add-on,Proposal,22800.0,Data Module,LinkedIn Sales Nav,2026-03-04,,2026-08-12,R011
O00411,A0048,Morton-Chase - Platform License,negotiation,8600.0,Professional Services,LinkedIn Sales Nav,2025-12-18,,2025-12-22,R001
O00412,A0105,Chandler-Edwards - Support Add-on,Closed Won,20200.0,Support Add-on,Referral,2025-05-01,2025-09-03,2025-08-29,R012
O00413,A0026,Allen-Allen - Professional Services,Qualifying,8900.0,Support Add-on,LinkedIn Sales Nav,2025-12-11,,2025-12-31,R018
O00414,A0083,Figueroa PLC - Data Module,Negotiating,45500.0,Support Add-on,Inbound Web,2025-10-03,,2026-08-18,R007
O00415,A0082,Walsh LLC - Data Module,Won,17800.0,Platform License,Outreach Sequence,2026-04-05,2026-07-31,2026-07-26,R018
O00416,A0131,Bryant Group - Data Module,Qualifying,21700.0,Support Add-on,Inbound Web,2026-03-19,,2026-03-29,R016
O00417,A0145,Chapman  and  Sons - Platform License,CLOSED WON,11400.0,Professional Services,,2025-08-25,2025-12-18,2025-12-17,R014
O00418,A0079,Wagner-King - Data Module,negotiation,30000.0,Platform License,Outreach Sequence,2026-01-03,,2026-08-30,R013
O00419,A0103,White-Estes - Platform License,CLOSED LOST,14500.0,Platform License,LinkedIn Sales Nav,2026-06-27,2026-08-31,2026-08-31,R015
O00420,A0131,Bryant Group - Data Module,Prospect,38400.0,Professional Services,ZoomInfo List,2026-03-25,,2026-04-02,R001
O00421,A0151,Moore-Bass - Support Add-on,Closed Won,16400.0,Data Module,Inbound Web,2025-03-10,2025-03-28,2025-03-23,R011
O00422,A0156,Gonzalez  Group - Data Module,Proposal,47500.0,Data Module,Referral,2025-11-26,,2026-08-10,R018
O00423,A0068,Smith PLC - Data Module,CLOSED LOST,14300.0,Support Add-on,LinkedIn Sales Nav,2025-10-18,2026-03-15,2026-03-14,R012
O00424,A0030,Martin Rose and Obrien - Professional Services,Qualifying,5200.0,Support Add-on,LinkedIn Sales Nav,2025-07-05,,2025-07-22,R009
O00425,A0156,Gonzalez  Group - Platform License,proposal,5400.0,Data Module,LinkedIn Sales Nav,2025-05-08,,2026-08-08,R009
O00426,A0089,Wright Garcia and Deleon - Data Module,Won,15700.0,Data Module,ZoomInfo List,2026-01-07,2026-03-06,2026-03-03,R016
O00427,A0036,Robinson Jones and Welch - Data Module,CLOSED WON,4900.0,Professional Services,Referral,2026-03-17,2026-07-01,2026-06-30,R012
O00428,A0149,SANDOVAL-CUNNINGHAM - Platform License,qualification,20300.0,Professional Services,ZoomInfo List,2025-11-26,,2026-08-24,R006
O00429,A0089,Wright Garcia and Deleon - Data Module,Prospect,9500.0,Professional Services,LinkedIn Sales Nav,2025-11-08,,2026-08-24,R006
O00430,A0160,Bentley Byrd and Orr Inc. - Professional Services,Prospecting,9600.0,Data Module,,2026-08-12,,2026-08-16,R013
O00431,A0133,Salazar-Ball - Support Add-on,Qualification,5400.0,Data Module,LinkedIn Sales Nav,2026-08-23,,2026-08-30,R017
O00432,A0066,Edwards Baker and Anderson - Professional Services,Closed Won,17400.0,Platform License,LinkedIn Sales Nav,2025-05-14,2025-08-16,2025-08-16,R016
O00433,A0059,Woods Calhoun and Schmidt - Platform License,Prospect,9700.0,Platform License,,2025-07-26,,2025-08-04,R010
O00434,A0067,Evans Stewart and Walton - Platform License,Proposal Sent,17700.0,Professional Services,Inbound Web,2025-12-20,,2025-12-22,R003
O00435,A0030,Martin Rose and Obrien - Platform License,Won,7500.0,Platform License,LinkedIn Sales Nav,2025-07-29,2025-10-29,2025-10-28,R007
O00436,A0110,Diaz Inc - Professional Services,Negotiation,18000.0,Platform License,ZoomInfo List,2025-04-26,,2026-08-31,R003
O00437,A0038,Jones-Young - Professional Services,Qualification,24700.0,Platform License,Outreach Sequence,2025-06-13,,2026-08-14,R006
O00438,A0153,Mckee  Gardner  and  Davenport - Data Module,closed-won,14900.0,Platform License,,2025-05-02,2025-08-15,2025-08-15,R011
O00439,A0087,Nolan-Flynn - Platform License,Closed Lost,31700.0,Professional Services,Inbound Web,2025-09-19,2025-10-14,2025-10-12,R005
O00440,A0006,Morales-Jones - Data Module,qualification,17600.0,Professional Services,Outreach Sequence,2026-01-05,,2026-08-08,R018
O00441,A0031,Hickman Ltd - Data Module,Qualification,21500.0,Support Add-on,Referral,2025-08-10,,2025-08-12,R013
O00442,A0071,Suarez LLC - Support Add-on,Qualification,2000.0,Professional Services,Outreach Sequence,2025-04-17,,2026-08-22,R015
O00443,A0141,Smith-Bowen - Platform License,PROSPECTING,51500.0,Data Module,,2025-03-06,,2026-08-15,R004
O00444,A0017,Dyer Potter and Mack - Platform License,Lost,5600.0,Data Module,ZoomInfo List,2026-02-23,2026-08-10,2026-08-09,R013
O00445,A0105,Chandler-Edwards - Support Add-on,closed-won,5200.0,Platform License,Outreach Sequence,2025-03-13,2025-08-26,2025-08-24,R014
O00446,A0010,Hoffman Baker and Richards - Platform License,Negotiation,7600.0,Professional Services,Outreach Sequence,2025-03-14,,2026-08-28,R009
O00447,A0021,Harrell LLC - Support Add-on,Qualification,26800.0,Platform License,LinkedIn Sales Nav,2025-04-21,,2026-08-20,R002
O00448,A0014,Carlson-Cruz - Platform License,Negotiation,13600.0,Data Module,,2026-01-17,,2026-01-24,R009
O00449,A0102,Rivera Johnson and Wiley - Platform License,qualification,2800.0,Support Add-on,Referral,2026-06-30,,2026-08-19,R014
O00450,A0134,Simmons Meadows and Griffin - Platform License,Won,16900.0,Platform License,,2026-07-21,2026-08-19,2026-08-18,R016
O00451,A0161,RIGGS PLC - Professional Services,Proposal,25300.0,Data Module,,2026-01-07,,2026-01-15,R012
O00452,A0016,Frazier Inc - Professional Services,Won,14400.0,Data Module,Referral,2026-05-15,2026-08-28,2026-08-28,R008
O00453,A0157,Johnson-Carlson Incorporated - Support Add-on,negotiation,61900.0,Support Add-on,LinkedIn Sales Nav,2025-09-20,,2026-08-18,R012
O00454,A0092,Johnson-Doyle - Professional Services,CLOSED WON,11600.0,Data Module,Referral,2025-07-05,2025-10-05,2025-10-01,R007
O00455,A0046,West Henderson and Ramirez - Platform License,Qualifying,,Support Add-on,Referral,2025-12-14,,2026-08-20,R003
O00456,A0039,Washington Ryan and Cummings - Support Add-on,Proposal Sent,16900.0,Platform License,,2026-08-15,,2026-08-23,R009
O00457,A0068,Smith PLC - Professional Services,closed-lost,10600.0,Professional Services,LinkedIn Sales Nav,2025-11-22,2025-12-26,2025-12-26,R012
O00458,A0158,Chandler-Edwards - Platform License,closed-lost,6100.0,Data Module,Referral,2025-08-21,2025-10-29,2025-10-27,R001
O00459,A0085,Mckee Gardner and Davenport - Platform License,Won,41400.0,Support Add-on,Outreach Sequence,2026-01-21,2026-06-03,2026-06-02,R001
O00460,A0109,Mcdaniel Bentley and Mclaughlin - Data Module,Prospecting,15100.0,Data Module,Outreach Sequence,2025-08-06,,2026-08-22,R016
O00461,A0154,Nolan and Sons - Support Add-on,Closed Won,6400.0,Platform License,LinkedIn Sales Nav,2026-01-11,2026-07-02,2026-06-27,R011
O00462,A0145,Chapman  and  Sons - Data Module,qualification,13100.0,Data Module,Referral,2026-03-31,,2026-04-02,R012
O00463,A0071,Suarez LLC - Support Add-on,Prospect,24400.0,Platform License,Inbound Web,2025-04-02,,2025-04-15,R017
O00464,A0157,Johnson-Carlson Incorporated - Professional Services,Proposal Sent,16400.0,Professional Services,Inbound Web,2026-07-12,,2026-07-29,R013
O00465,A0109,Mcdaniel Bentley and Mclaughlin - Professional Services,proposal,13400.0,Professional Services,Outreach Sequence,2026-02-10,,2026-08-15,R010
O00466,A0119,Lewis Kennedy and Santana - Data Module,Won,35900.0,Data Module,LinkedIn Sales Nav,2025-12-02,2026-05-08,2026-05-08,R001
O00467,A0018,Rodriguez-Graham - Professional Services,Qualifying,6100.0,Support Add-on,Referral,2025-09-09,,2026-09-01,R013
O00468,A0130,Holmes Williams and Wright - Support Add-on,Negotiating,7800.0,Professional Services,,2025-06-05,,2025-06-13,R014
O00469,A0120,Jackson Miller and Robertson - Support Add-on,Prospecting,16600.0,Platform License,LinkedIn Sales Nav,2026-06-05,,2026-06-25,R018
O00470,A0053,Gray Group - Professional Services,Qualifying,24100.0,Professional Services,Referral,2026-05-10,,2026-05-17,R008
O00471,A0148,NOVAK PLC - Platform License,CLOSED WON,6900.0,Data Module,Referral,2025-03-14,2025-08-30,2025-08-25,R001
O00472,A0047,Baxter Inc - Support Add-on,prospecting,27000.0,Platform License,Inbound Web,2025-03-10,,2025-03-17,R005
O00473,A0154,Nolan and Sons - Platform License,PROSPECTING,12300.0,Platform License,LinkedIn Sales Nav,2026-08-23,,2026-08-11,R002
O00474,A0069,Ferrell Jones and Lewis - Support Add-on,Qualifying,17100.0,Data Module,Referral,2025-08-01,,2026-08-10,R016
O00475,A0006,Morales-Jones - Platform License,prospecting,19400.0,Platform License,ZoomInfo List,2025-03-05,,2026-08-18,R016
O00476,A0011,Ross Robinson and Bright - Support Add-on,Qualifying,,Support Add-on,,2025-03-07,,2026-08-27,R003
O00477,A0028,Spence PLC - Data Module,qualification,7900.0,Platform License,Referral,2025-10-26,,2025-10-28,R017
O00478,A0096,Gonzalez Group - Data Module,Qualifying,19300.0,Professional Services,Inbound Web,2025-11-18,,2026-08-11,R012
O00479,A0134,Simmons Meadows and Griffin - Professional Services,Negotiating,24500.0,Professional Services,,2025-12-28,,2026-08-13,R015
O00480,A0003,Mayo-Bowman - Professional Services,negotiation,26100.0,Data Module,ZoomInfo List,2026-04-12,,2026-08-28,R002
O00481,A0072,Moore-Bass - Support Add-on,qualification,10600.0,Professional Services,,2026-03-23,,2026-08-09,R016
O00482,A0090,Dickson-Brady - Support Add-on,CLOSED WON,6000.0,Professional Services,ZoomInfo List,2026-08-01,2026-08-29,2026-08-26,R017
O00483,A0135,Manning Group - Professional Services,Prospecting,23100.0,Professional Services,ZoomInfo List,2026-05-14,,2026-08-13,R015
O00484,A0117,Mitchell-Jordan - Data Module,qualification,14700.0,Support Add-on,ZoomInfo List,2026-08-05,,2026-08-28,R015
O00485,A0129,Robinson-Brock - Platform License,Proposal,,Support Add-on,Inbound Web,2025-07-31,,2025-08-08,R007
O00486,A0139,Mitchell Nelson and Flores - Data Module,closed-won,28700.0,Data Module,,2026-01-16,2026-03-19,2026-03-19,R005
O00487,A0060,Yu Inc - Data Module,closed-won,11600.0,Support Add-on,Inbound Web,2025-10-03,2026-01-30,2026-01-27,R016
O00488,A0103,White-Estes - Data Module,negotiation,3600.0,Platform License,ZoomInfo List,2025-03-12,,2026-08-16,R010
O00489,A0115,Bentley Byrd and Orr - Platform License,proposal,11300.0,Professional Services,LinkedIn Sales Nav,2025-03-18,,2025-03-31,R011
O00490,A0132,Schmidt Hansen and Stewart - Data Module,Proposal Sent,17100.0,Support Add-on,Referral,2025-06-07,,2026-08-23,R015
O00491,A0123,Hernandez Inc - Platform License,closed-won,17000.0,Professional Services,Referral,2026-07-07,2026-08-28,2026-08-28,R008
O00492,A0020,Baker Mason and White - Professional Services,Proposal Sent,3700.0,Data Module,Outreach Sequence,2026-04-15,,2026-08-27,R015
O00493,A0039,Washington Ryan and Cummings - Platform License,qualification,16600.0,Platform License,Outreach Sequence,2025-12-18,,2026-08-07,R014
O00494,A0014,Carlson-Cruz - Professional Services,Negotiation,37100.0,Data Module,Referral,2025-05-28,,2026-08-20,R007
O00495,A0087,Nolan-Flynn - Professional Services,prospecting,17000.0,Professional Services,ZoomInfo List,2025-08-07,,2026-08-14,R002
O00496,A0144,Walker  LLC - Data Module,Closed Won,9100.0,Support Add-on,,2026-03-01,2026-06-26,2026-06-24,R002
O00497,A0007,Walter Edwards and Rios - Support Add-on,prospecting,4800.0,Platform License,Inbound Web,2026-02-27,,2026-09-01,R007
O00498,A0077,Campbell-Clark - Data Module,Closed Won,19200.0,Data Module,Inbound Web,2025-04-09,2025-09-21,2025-09-18,R001
O00499,A0058,Daniels Adkins and Brown - Professional Services,Prospecting,16900.0,Platform License,ZoomInfo List,2025-06-05,,2025-06-23,R006
O00500,A0161,RIGGS PLC - Support Add-on,PROSPECTING,8000.0,Support Add-on,Outreach Sequence,2026-04-02,,2026-04-04,R003
O00501,A0083,Figueroa PLC - Professional Services,prospecting,34200.0,Data Module,,2026-07-12,,2026-07-22,R014
O00502,A0023,Ryan PLC - Data Module,Closed Lost,25500.0,Platform License,Inbound Web,2025-08-28,2025-11-22,2025-11-20,R004
O00503,A0003,Mayo-Bowman - Data Module,Qualification,5100.0,Professional Services,,2026-06-26,,2026-07-05,R016
O00504,A0068,Smith PLC - Platform License,Negotiation,14100.0,Data Module,,2026-01-29,,2026-08-12,R013
O00505,A0147,Russell  Group - Support Add-on,Proposal Sent,32800.0,Professional Services,Referral,2025-11-10,,2025-11-29,R005
O00506,A0125,Gibson Ltd - Professional Services,proposal,13200.0,Support Add-on,ZoomInfo List,2025-04-10,,2026-08-07,R014
O00507,A0066,Edwards Baker and Anderson - Professional Services,Prospect,25100.0,Data Module,Inbound Web,2026-08-30,,2026-08-29,R017
O00508,A0136,Green-Wright - Professional Services,qualification,,Support Add-on,LinkedIn Sales Nav,2026-07-16,,2026-08-26,R003
O00509,A0049,Williams PLC - Support Add-on,qualification,,Support Add-on,Inbound Web,2026-06-23,,2026-08-08,R005
O00510,A0095,Rodriguez Brennan and Garrison - Data Module,closed-won,32400.0,Platform License,,2026-08-02,2026-08-29,2026-08-24,R002
O00511,A0097,Torres-Pope - Data Module,proposal,25000.0,Data Module,,2026-04-14,,2026-08-15,R005
O00512,A0010,Hoffman Baker and Richards - Professional Services,Won,15800.0,Support Add-on,LinkedIn Sales Nav,2026-07-05,2026-08-29,2026-08-25,R010
O00513,A0072,Moore-Bass - Professional Services,Lost,22100.0,Data Module,ZoomInfo List,2026-06-25,2026-07-12,2026-07-10,R016
O00514,A0123,Hernandez Inc - Data Module,Won,,Platform License,Inbound Web,2026-05-04,2026-08-02,2026-07-28,R001
O00515,A0027,Arroyo Miller and Tucker - Support Add-on,Qualifying,2000.0,Platform License,ZoomInfo List,2025-12-31,,2026-01-10,R016
O00516,A0067,Evans Stewart and Walton - Support Add-on,Proposal,42300.0,Data Module,,2026-05-29,,2026-08-16,R009
O00517,A0117,Mitchell-Jordan - Professional Services,Qualifying,18500.0,Professional Services,,2025-03-13,,2025-03-17,R001
O00518,A0118,Lawson Morris and Ramos - Platform License,proposal,,Platform License,LinkedIn Sales Nav,2026-07-25,,2026-08-29,R006
O00519,A0003,Mayo-Bowman - Platform License,Closed Lost,8800.0,Support Add-on,,2025-05-10,2025-09-30,2025-09-25,R014
O00520,A0013,Burton Ltd - Data Module,Qualification,3200.0,Platform License,LinkedIn Sales Nav,2026-01-29,,2026-02-16,R010
O00521,A0147,Russell  Group - Platform License,Prospecting,29600.0,Professional Services,Referral,2026-04-01,,2026-04-21,R011
O00522,A0013,Burton Ltd - Professional Services,Proposal Sent,1100.0,Platform License,LinkedIn Sales Nav,2025-09-07,,2025-09-17,R012
O00523,A0006,Morales-Jones - Platform License,Proposal,2300.0,Platform License,Inbound Web,2025-09-19,,2025-10-05,R008
O00524,A0136,Green-Wright - Data Module,Prospect,2800.0,Support Add-on,LinkedIn Sales Nav,2026-07-07,,2026-07-27,R010
O00525,A0036,Robinson Jones and Welch - Data Module,Closed Won,6500.0,Platform License,Inbound Web,2025-09-25,2026-02-01,2026-01-28,R008
O00526,A0069,Ferrell Jones and Lewis - Professional Services,CLOSED WON,35600.0,Support Add-on,LinkedIn Sales Nav,2025-10-18,2026-02-25,2026-02-24,R002
O00527,A0118,Lawson Morris and Ramos - Platform License,qualification,35400.0,Platform License,Inbound Web,2025-07-26,,2025-08-06,R010
O00528,A0097,Torres-Pope - Professional Services,Qualifying,12500.0,Platform License,Inbound Web,2026-05-08,,2026-08-23,R008
O00529,A0152,Williams-Cook - Data Module,qualification,16500.0,Data Module,ZoomInfo List,2026-05-14,,2026-05-24,R002
O00530,A0134,Simmons Meadows and Griffin - Data Module,Proposal Sent,8200.0,Data Module,Referral,2025-12-25,,2026-08-22,R001
O00531,A0110,Diaz Inc - Data Module,Proposal,11300.0,Platform License,Referral,2025-09-15,,2025-09-18,R017
O00532,A0084,Patterson Smith and Jones - Data Module,Qualification,13300.0,Platform License,Referral,2025-05-14,,2026-08-27,R018
O00533,A0036,Robinson Jones and Welch - Platform License,CLOSED WON,37500.0,Platform License,ZoomInfo List,2026-05-12,2026-08-13,2026-08-10,R012
O00534,A0096,Gonzalez Group - Support Add-on,Closed Lost,52100.0,Data Module,Referral,2026-04-11,2026-05-28,2026-05-23,R014
O00535,A0158,Chandler-Edwards - Support Add-on,qualification,4500.0,Data Module,,2025-05-31,,2026-08-23,R015
O00536,A0145,Chapman  and  Sons - Professional Services,Closed Lost,21500.0,Support Add-on,Outreach Sequence,2025-09-13,2026-02-26,2026-02-22,R014
O00537,A0086,Tran Jordan and Williams - Support Add-on,Closed Lost,9700.0,Platform License,LinkedIn Sales Nav,2025-08-18,2025-08-28,2025-08-23,R014
O00538,A0068,Smith PLC - Data Module,qualification,13200.0,Data Module,Inbound Web,2026-07-31,,2026-08-12,R012
O00539,A0160,Bentley Byrd and Orr Inc. - Data Module,proposal,15500.0,Support Add-on,Inbound Web,2025-06-12,,2025-06-17,R003
O00540,A0105,Chandler-Edwards - Platform License,qualification,21400.0,Professional Services,,2026-03-27,,2026-03-28,R001
O00541,A0102,Rivera Johnson and Wiley - Data Module,Negotiation,3800.0,Professional Services,Inbound Web,2025-04-20,,2025-05-04,R008
O00542,A0085,Mckee Gardner and Davenport - Platform License,Proposal Sent,14600.0,Data Module,,2025-03-28,,2026-08-25,R013
O00543,A0090,Dickson-Brady - Platform License,Won,8100.0,Platform License,Referral,2026-01-01,2026-04-26,2026-04-22,R015
O00544,A0022,Romero Gonzalez and Brooks - Platform License,Closed Won,6800.0,Professional Services,,2025-04-24,2025-09-29,2025-09-26,R013
O00545,A0095,Rodriguez Brennan and Garrison - Platform License,Lost,16800.0,Professional Services,Inbound Web,2025-03-10,2025-07-17,2025-07-13,R017
O00546,A0083,Figueroa PLC - Platform License,Won,15300.0,Data Module,Inbound Web,2026-06-13,2026-08-31,2026-08-29,R013
O00547,A0079,Wagner-King - Support Add-on,Lost,8000.0,Support Add-on,ZoomInfo List,2025-03-25,2025-07-20,2025-07-18,R005
O00548,A0008,Wilkerson-Day - Professional Services,Won,82300.0,Platform License,,2026-07-26,2026-08-29,2026-08-29,R017
O00549,A0051,Russell Group - Platform License,Closed Won,13800.0,Support Add-on,LinkedIn Sales Nav,2025-11-06,2026-01-28,2026-01-25,R001
O00550,A0034,Walker LLC - Professional Services,Negotiating,3400.0,Professional Services,,2026-04-18,,2026-09-01,R011
O00551,A0007,Walter Edwards and Rios - Platform License,Qualification,8700.0,Support Add-on,Outreach Sequence,2025-05-31,,2025-06-08,R013
O00552,A0107,Scott Ltd - Data Module,Negotiation,18100.0,Professional Services,,2026-04-05,,2026-08-08,R007
O00553,A0081,Williams-Cook - Support Add-on,closed-won,4500.0,Platform License,,2025-06-07,2025-08-09,2025-08-05,R009
O00554,A0136,Green-Wright - Data Module,Closed Won,28400.0,Support Add-on,Inbound Web,2025-12-04,2025-12-27,2025-12-26,R009
O00555,A0081,Williams-Cook - Data Module,qualification,9400.0,Platform License,LinkedIn Sales Nav,2026-01-04,,2026-08-24,R002
O00556,A0025,Rodriguez LLC - Platform License,Proposal Sent,219400.0,Support Add-on,Inbound Web,2025-05-29,,2026-08-11,R014
O00557,A0103,White-Estes - Data Module,Qualifying,25100.0,Data Module,,2025-11-25,,2026-08-24,R005
O00558,A0118,Lawson Morris and Ramos - Professional Services,closed-won,12000.0,Support Add-on,Referral,2025-12-27,2026-05-19,2026-05-17,R002
O00559,A0141,Smith-Bowen - Data Module,Negotiation,21700.0,Support Add-on,ZoomInfo List,2026-08-21,,2026-08-25,R004
O00560,A0018,Rodriguez-Graham - Professional Services,Qualification,11000.0,Platform License,,2025-11-14,,2025-11-17,R003
O00561,A0108,Smith-Frost - Professional Services,prospecting,4000.0,Platform License,,2026-05-01,,2026-08-08,R004
O00562,A0066,Edwards Baker and Anderson - Support Add-on,Qualifying,12300.0,Data Module,,2026-02-24,,2026-08-30,R009
O00563,A0041,Lee-Davis - Support Add-on,Qualification,27400.0,Platform License,LinkedIn Sales Nav,2025-10-04,,2025-10-06,R011
O00564,A0117,Mitchell-Jordan - Professional Services,Prospecting,10200.0,Data Module,Outreach Sequence,2025-12-03,,2026-08-26,R007
O00565,A0119,Lewis Kennedy and Santana - Support Add-on,Proposal Sent,9900.0,Platform License,Outreach Sequence,2026-04-06,,2026-04-10,R011
O00566,A0127,Hernandez Ltd - Professional Services,PROSPECTING,5700.0,Platform License,Outreach Sequence,2026-06-18,,2026-09-01,R002
O00567,A0058,Daniels Adkins and Brown - Data Module,qualification,15900.0,Data Module,Inbound Web,2025-07-28,,2025-08-10,R007
O00568,A0021,Harrell LLC - Data Module,Closed Won,,Platform License,Referral,2025-07-14,2025-12-09,2025-12-08,R003
O00569,A0120,Jackson Miller and Robertson - Platform License,Qualifying,43800.0,Support Add-on,Referral,2025-08-29,,2026-08-12,R006
O00570,A0004,Robinson Nguyen and Tate - Professional Services,Prospect,16600.0,Platform License,Inbound Web,2025-09-17,,2026-08-23,R018
O00571,A0007,Walter Edwards and Rios - Data Module,Qualifying,26600.0,Platform License,,2026-02-17,,2026-08-12,R007
O00572,A0015,Ferrell Rice and Maddox - Professional Services,closed-won,,Data Module,Inbound Web,2025-06-09,2025-06-28,2025-06-27,R018
O00573,A0020,Baker Mason and White - Platform License,Won,10500.0,Platform License,LinkedIn Sales Nav,2026-06-28,2026-08-27,2026-08-24,R004
O00574,A0074,Smith Montoya and Evans - Data Module,qualification,12500.0,Professional Services,,2026-07-05,,2026-07-09,R011
O00575,A0157,Johnson-Carlson Incorporated - Data Module,Closed Lost,14000.0,Platform License,ZoomInfo List,2026-01-05,2026-02-20,2026-02-17,R008
O00576,A0038,Jones-Young - Professional Services,Prospecting,34200.0,Platform License,Outreach Sequence,2026-04-20,,2026-08-07,R001
O00577,A0076,Newton and Sons - Data Module,proposal,51200.0,Support Add-on,Outreach Sequence,2026-05-07,,2026-05-14,R010
O00578,A0067,Evans Stewart and Walton - Platform License,Qualification,27100.0,Platform License,LinkedIn Sales Nav,2026-04-13,,2026-08-14,R013
O00579,A0128,Stafford Inc - Professional Services,closed-won,30900.0,Platform License,ZoomInfo List,2026-04-09,2026-07-22,2026-07-18,R018
O00580,A0006,Morales-Jones - Platform License,CLOSED WON,10600.0,Platform License,Outreach Sequence,2026-05-21,2026-07-10,2026-07-10,R009
O00581,A0070,Anderson-Bailey - Data Module,Lost,16700.0,Professional Services,ZoomInfo List,2026-03-01,2026-06-25,2026-06-20,R002
O00582,A0136,Green-Wright - Platform License,negotiation,6500.0,Professional Services,,2026-04-07,,2026-08-25,R004
O00583,A0102,Rivera Johnson and Wiley - Data Module,Negotiation,26900.0,Platform License,Referral,2025-04-07,,2026-08-07,R003
O00584,A0098,Walker Ltd - Professional Services,qualification,11400.0,Data Module,,2026-01-02,,2026-08-13,R002
O00585,A0041,Lee-Davis - Data Module,Qualification,4400.0,Data Module,ZoomInfo List,2026-01-30,,2026-02-04,R015
O00586,A0103,White-Estes - Data Module,Negotiation,56800.0,Support Add-on,LinkedIn Sales Nav,2026-03-21,,2026-04-02,R011
O00587,A0124,Riggs PLC - Platform License,Prospecting,23300.0,Data Module,Referral,2025-05-24,,2026-08-27,R014
O00588,A0065,Donovan-Harris - Data Module,prospecting,4400.0,Professional Services,,2026-05-05,,2026-08-14,R009
O00589,A0067,Evans Stewart and Walton - Data Module,Qualification,3100.0,Professional Services,Inbound Web,2025-10-02,,2025-10-06,R011
O00590,A0121,Harvey Davis and Crane - Data Module,Prospect,20400.0,Professional Services,Inbound Web,2026-01-18,,2026-02-01,R004
O00591,A0141,Smith-Bowen - Professional Services,prospecting,13500.0,Platform License,,2025-08-14,,2026-08-24,R013
O00592,A0157,Johnson-Carlson Incorporated - Support Add-on,Qualification,19100.0,Professional Services,LinkedIn Sales Nav,2026-07-01,,2026-08-18,R012
O00593,A0061,Jones Inc - Platform License,closed-won,9900.0,Data Module,Referral,2026-03-24,2026-08-28,2026-08-24,R012
O00594,A0150,Suarez LLC Inc. - Support Add-on,closed-won,10600.0,Platform License,,2025-04-18,2025-09-26,2025-09-23,R016
O00595,A0157,Johnson-Carlson Incorporated - Professional Services,closed-won,7500.0,Professional Services,Referral,2025-06-19,2025-08-31,2025-08-29,R003
O00596,A0161,RIGGS PLC - Platform License,Proposal,4300.0,Data Module,Referral,2026-08-26,,2026-09-11,R011
O00597,A0032,Harris Collins and Carney - Platform License,proposal,13800.0,Platform License,,2025-07-24,,2026-08-18,R008
O00598,A0108,Smith-Frost - Platform License,closed-lost,14400.0,Platform License,Inbound Web,2025-07-11,2025-10-20,2025-10-18,R003
O00599,A0055,Henderson-Bernard - Data Module,Prospect,29500.0,Data Module,ZoomInfo List,2025-10-23,,2026-08-09,R009
O00600,A0039,Washington Ryan and Cummings - Platform License,Qualifying,60800.0,Data Module,,2025-07-12,,2026-08-10,R014
O00601,A0008,Wilkerson-Day - Professional Services,Proposal Sent,4500.0,Platform License,Referral,2025-09-25,,2026-08-24,R004
O00602,A0049,Williams PLC - Platform License,Closed Won,13500.0,Platform License,Inbound Web,2025-09-22,2026-02-10,2026-02-05,R002
O00603,A0082,Walsh LLC - Platform License,Proposal,5200.0,Professional Services,ZoomInfo List,2025-08-22,,2026-08-27,R007
O00604,A0021,Harrell LLC - Professional Services,Qualification,23800.0,Professional Services,LinkedIn Sales Nav,2025-09-23,,2026-08-09,R018
O00605,A0076,Newton and Sons - Support Add-on,CLOSED LOST,13300.0,Data Module,Inbound Web,2025-09-04,2025-11-23,2025-11-23,R014
O00606,A0031,Hickman Ltd - Support Add-on,Proposal,19500.0,Data Module,Referral,2025-04-05,,2026-08-15,R001
O00607,A0159,DIAZ INC - Data Module,Closed Won,17500.0,Professional Services,LinkedIn Sales Nav,2025-08-20,2025-10-17,2025-10-14,R014
O00608,A0152,Williams-Cook - Professional Services,PROSPECTING,4800.0,Platform License,LinkedIn Sales Nav,2026-06-14,,2026-06-19,R013
O00609,A0135,Manning Group - Platform License,closed-lost,12800.0,Support Add-on,ZoomInfo List,2025-07-01,2025-11-09,2025-11-07,R017
O00610,A0109,Mcdaniel Bentley and Mclaughlin - Data Module,prospecting,11100.0,Support Add-on,,2026-06-28,,2026-08-16,R015
O00611,A0134,Simmons Meadows and Griffin - Support Add-on,proposal,10400.0,Professional Services,LinkedIn Sales Nav,2025-10-01,,2026-08-15,R002
O00612,A0128,Stafford Inc - Platform License,closed-won,10300.0,Professional Services,LinkedIn Sales Nav,2026-03-09,2026-07-20,2026-07-18,R018
O00613,A0158,Chandler-Edwards - Support Add-on,Proposal,21600.0,Professional Services,ZoomInfo List,2025-11-13,,2026-08-27,R018
O00614,A0037,Jones Inc - Data Module,Prospecting,50600.0,Support Add-on,LinkedIn Sales Nav,2026-03-27,,2026-04-07,R016
O00615,A0128,Stafford Inc - Professional Services,qualification,15500.0,Support Add-on,Inbound Web,2026-02-24,,2026-03-07,R006
O00616,A0044,Powell LLC - Professional Services,Proposal,11400.0,Data Module,LinkedIn Sales Nav,2026-03-18,,2026-08-20,R004
O00617,A0082,Walsh LLC - Support Add-on,PROSPECTING,8700.0,Professional Services,Referral,2026-03-25,,2026-08-23,R004
O00618,A0026,Allen-Allen - Platform License,Qualification,14200.0,Support Add-on,Outreach Sequence,2025-06-05,,2026-08-31,R013
O00619,A0064,Sandoval-Cunningham - Professional Services,Negotiation,45100.0,Professional Services,LinkedIn Sales Nav,2025-07-16,,2026-08-30,R017
O00620,A0120,Jackson Miller and Robertson - Data Module,Prospect,28700.0,Professional Services,Inbound Web,2026-02-12,,2026-08-30,R007
O00621,A0085,Mckee Gardner and Davenport - Professional Services,negotiation,12500.0,Data Module,LinkedIn Sales Nav,2025-10-10,,2026-08-11,R006
O00622,A0137,Ramirez Strickland and Washington - Platform License,Qualifying,14600.0,Professional Services,,2025-08-01,,2025-08-11,R009
O00623,A0058,Daniels Adkins and Brown - Data Module,CLOSED WON,17800.0,Data Module,ZoomInfo List,2025-06-03,2025-10-04,2025-10-02,R004
O00624,A0019,Smith-Bowen - Platform License,PROSPECTING,3700.0,Data Module,Outreach Sequence,2026-06-04,,2026-08-16,R017
O00625,A0104,Johnson-Carlson - Professional Services,Proposal Sent,3500.0,Professional Services,ZoomInfo List,2026-08-25,,2026-08-15,R009
O00626,A0140,Miller Hernandez and Reyes - Support Add-on,Qualifying,10100.0,Data Module,Referral,2025-08-06,,2025-08-16,R017
O00627,A0115,Bentley Byrd and Orr - Data Module,Qualification,15200.0,Platform License,,2025-05-14,,2025-05-24,R011
O00628,A0152,Williams-Cook - Platform License,Proposal Sent,13300.0,Support Add-on,Inbound Web,2025-11-10,,2026-08-12,R004
O00629,A0041,Lee-Davis - Support Add-on,Negotiating,3900.0,Data Module,,2026-06-24,,2026-08-14,R002
O00630,A0047,Baxter Inc - Platform License,qualification,13000.0,Professional Services,LinkedIn Sales Nav,2026-05-01,,2026-08-24,R001
O00631,A0043,Brown Valdez and Lucas - Support Add-on,closed-won,21400.0,Data Module,,2025-05-16,2025-08-25,2025-08-24,R014
O00632,A0090,Dickson-Brady - Professional Services,PROSPECTING,11200.0,Platform License,Referral,2025-09-01,,2026-08-30,R013
O00633,A0122,Chambers and Sons - Support Add-on,Proposal Sent,30300.0,Support Add-on,Outreach Sequence,2026-03-13,,2026-08-11,R013
O00634,A0008,Wilkerson-Day - Data Module,Closed Won,14400.0,Data Module,LinkedIn Sales Nav,2025-09-05,2025-10-20,2025-10-16,R009
O00635,A0003,Mayo-Bowman - Platform License,prospecting,12600.0,Data Module,Inbound Web,2026-03-18,,2026-08-26,R008
O00636,A0078,Harris-Walters - Support Add-on,prospecting,40000.0,Professional Services,Inbound Web,2026-06-14,,2026-08-17,R018
O00637,A0154,Nolan and Sons - Platform License,Won,6900.0,Professional Services,ZoomInfo List,2025-03-14,2025-05-07,2025-05-02,R003
O00638,A0019,Smith-Bowen - Platform License,Won,29200.0,Data Module,,2026-04-08,2026-05-20,2026-05-19,R011
O00639,A0125,Gibson Ltd - Platform License,Prospect,42200.0,Platform License,Inbound Web,2026-05-09,,2026-08-31,R016
O00640,A0037,Jones Inc - Platform License,Closed Lost,14300.0,Platform License,Referral,2026-05-02,2026-05-28,2026-05-26,R011
O00641,A0041,Lee-Davis - Professional Services,Negotiation,,Support Add-on,Referral,2026-02-02,,2026-02-14,R011
O00642,A0096,Gonzalez Group - Platform License,qualification,19300.0,Platform License,Referral,2025-09-09,,2026-08-13,R017
O00643,A0127,Hernandez Ltd - Platform License,proposal,16100.0,Platform License,ZoomInfo List,2026-08-17,,2026-08-27,R013
O00644,A0135,Manning Group - Data Module,CLOSED WON,3400.0,Platform License,ZoomInfo List,2025-04-02,2025-07-14,2025-07-09,R008
O00645,A0124,Riggs PLC - Platform License,CLOSED LOST,17400.0,Support Add-on,Outreach Sequence,2025-09-02,2025-11-05,2025-11-01,R018
O00646,A0043,Brown Valdez and Lucas - Platform License,prospecting,5700.0,Platform License,LinkedIn Sales Nav,2025-05-11,,2026-08-21,R003
O00647,A0115,Bentley Byrd and Orr - Data Module,PROSPECTING,32900.0,Professional Services,Referral,2025-04-13,,2026-08-09,R008
O00648,A0006,Morales-Jones - Data Module,Qualifying,7000.0,Support Add-on,ZoomInfo List,2025-07-10,,2025-07-13,R017
O00649,A0101,May-Ross - Platform License,CLOSED LOST,35300.0,Platform License,ZoomInfo List,2026-08-18,2026-08-28,2026-08-25,R002
O00650,A0097,Torres-Pope - Professional Services,proposal,2300.0,Platform License,LinkedIn Sales Nav,2025-07-23,,2026-08-09,R005
O00651,A0104,Johnson-Carlson - Data Module,qualification,5900.0,Data Module,LinkedIn Sales Nav,2026-02-09,,2026-08-20,R008
O00652,A0022,Romero Gonzalez and Brooks - Data Module,CLOSED WON,7200.0,Data Module,Referral,2025-11-25,2026-03-06,2026-03-03,R002
O00653,A0046,West Henderson and Ramirez - Professional Services,Prospect,24200.0,Professional Services,Outreach Sequence,2025-11-19,,2025-11-28,R008
O00654,A0115,Bentley Byrd and Orr - Support Add-on,Closed Won,10700.0,Professional Services,LinkedIn Sales Nav,2026-05-22,2026-08-31,2026-08-30,R010
O00655,A0047,Baxter Inc - Data Module,CLOSED WON,3900.0,Support Add-on,Referral,2026-05-25,2026-08-30,2026-08-28,R017
O00656,A0053,Gray Group - Platform License,Closed Won,7400.0,Data Module,Inbound Web,2025-09-14,2025-10-02,2025-09-29,R001
O00657,A0043,Brown Valdez and Lucas - Support Add-on,CLOSED WON,,Professional Services,Inbound Web,2025-10-13,2026-02-17,2026-02-17,R011
O00658,A0085,Mckee Gardner and Davenport - Data Module,Prospect,3800.0,Data Module,Inbound Web,2025-06-16,,2026-08-29,R011
O00659,A0113,Parker Ortiz and Powell - Support Add-on,Proposal Sent,18600.0,Support Add-on,LinkedIn Sales Nav,2026-03-24,,2026-04-12,R010
O00660,A0009,Baker and Sons - Platform License,Prospecting,9800.0,Support Add-on,Inbound Web,2026-06-30,,2026-07-12,R014
O00661,A0024,George Group - Professional Services,Proposal Sent,11300.0,Professional Services,,2026-05-24,,2026-08-31,R008
O00662,A0111,Mccall Hanson and Alvarado - Professional Services,negotiation,7100.0,Platform License,Referral,2025-10-16,,2025-10-26,R010
O00663,A0071,Suarez LLC - Data Module,Prospect,15300.0,Platform License,LinkedIn Sales Nav,2025-10-02,,2026-08-19,R007
O00664,A0129,Robinson-Brock - Professional Services,Negotiating,6700.0,Support Add-on,Inbound Web,2025-08-10,,2026-08-07,R006
O00665,A0070,Anderson-Bailey - Data Module,Won,5200.0,Professional Services,Inbound Web,2025-04-04,2025-05-26,2025-05-22,R014
O00666,A0146,Jones-Young Incorporated - Data Module,closed-won,3800.0,Professional Services,Referral,2026-06-15,2026-08-29,2026-08-29,R015
O00667,A0099,Ross LLC - Data Module,Closed Won,38200.0,Data Module,ZoomInfo List,2026-05-29,2026-08-29,2026-08-27,R009
O00668,A0129,Robinson-Brock - Support Add-on,Won,14600.0,Professional Services,Inbound Web,2025-09-10,2026-01-27,2026-01-25,R015
O00669,A0004,Robinson Nguyen and Tate - Platform License,qualification,10500.0,Professional Services,Referral,2025-07-16,,2026-08-08,R007
O00670,A0092,Johnson-Doyle - Data Module,qualification,29400.0,Platform License,Referral,2025-04-07,,2026-08-24,R013
O00671,A0154,Nolan and Sons - Data Module,Qualification,7500.0,Support Add-on,Outreach Sequence,2026-02-07,,2026-02-17,R006
O00672,A0147,Russell  Group - Professional Services,Won,11600.0,Data Module,ZoomInfo List,2026-02-04,2026-04-28,2026-04-23,R006
O00673,A0045,Wright and Sons - Data Module,Prospecting,10000.0,Data Module,,2026-05-07,,2026-05-17,R007
O00674,A0101,May-Ross - Support Add-on,Qualifying,99800.0,Professional Services,,2026-07-25,,2026-08-03,R010
O00675,A0154,Nolan and Sons - Platform License,CLOSED LOST,10800.0,Support Add-on,Referral,2026-07-19,2026-08-03,2026-08-03,R006
O00676,A0132,Schmidt Hansen and Stewart - Platform License,CLOSED WON,15900.0,Data Module,,2025-10-30,2026-02-10,2026-02-05,R005
O00677,A0132,Schmidt Hansen and Stewart - Support Add-on,qualification,20100.0,Data Module,Outreach Sequence,2026-04-10,,2026-08-29,R009
O00678,A0022,Romero Gonzalez and Brooks - Professional Services,Negotiating,10800.0,Data Module,ZoomInfo List,2025-12-31,,2026-01-19,R006
O00679,A0106,Joyce Wilson and Lam - Platform License,prospecting,9300.0,Data Module,Referral,2026-04-06,,2026-08-18,R011
O00680,A0017,Dyer Potter and Mack - Professional Services,Closed Won,8900.0,Support Add-on,ZoomInfo List,2025-08-13,2025-11-12,2025-11-08,R012
O00681,A0154,Nolan and Sons - Platform License,Proposal Sent,8600.0,Platform License,,2025-08-25,,2026-09-01,R010
O00682,A0036,Robinson Jones and Welch - Platform License,Qualifying,3400.0,Professional Services,Inbound Web,2025-12-29,,2026-01-10,R013
O00683,A0131,Bryant Group - Professional Services,Prospect,12200.0,Support Add-on,ZoomInfo List,2025-07-30,,2026-08-24,R004
O00684,A0116,Carroll Sullivan and Bass - Platform License,Lost,5600.0,Data Module,Inbound Web,2026-03-20,2026-08-28,2026-08-28,R008
O00685,A0156,Gonzalez  Group - Support Add-on,Lost,8500.0,Platform License,LinkedIn Sales Nav,2025-07-05,2025-10-31,2025-10-31,R016
O00686,A0001,Jones Reid and Ferguson - Platform License,negotiation,10600.0,Professional Services,,2025-06-27,,2026-08-18,R016
O00687,A0139,Mitchell Nelson and Flores - Support Add-on,closed-won,4100.0,Support Add-on,Referral,2025-06-03,2025-06-13,2025-06-10,R011
O00688,A0009,Baker and Sons - Professional Services,prospecting,57700.0,Data Module,LinkedIn Sales Nav,2026-06-08,,2026-08-08,R015
O00689,A0068,Smith PLC - Support Add-on,proposal,18100.0,Support Add-on,ZoomInfo List,2025-05-26,,2025-06-01,R002
O00690,A0154,Nolan and Sons - Professional Services,Proposal,27100.0,Platform License,Outreach Sequence,2026-06-06,,2026-08-20,R003
O00691,A0002,Martin Group - Professional Services,CLOSED LOST,20700.0,Platform License,Inbound Web,2026-01-09,2026-03-10,2026-03-08,R005
O00692,A0046,West Henderson and Ramirez - Platform License,Negotiation,30900.0,Platform License,,2025-06-18,,2025-06-30,R014
O00693,A0125,Gibson Ltd - Professional Services,Proposal Sent,18700.0,Professional Services,LinkedIn Sales Nav,2025-03-11,,2026-08-17,R003
O00694,A0043,Brown Valdez and Lucas - Professional Services,CLOSED WON,3400.0,Support Add-on,,2025-11-10,2025-12-23,2025-12-20,R012
O00695,A0046,West Henderson and Ramirez - Support Add-on,Proposal Sent,6500.0,Professional Services,Referral,2026-02-19,,2026-09-01,R006
O00696,A0133,Salazar-Ball - Platform License,Lost,6600.0,Platform License,Inbound Web,2025-05-27,2025-11-02,2025-10-28,R003
O00697,A0039,Washington Ryan and Cummings - Data Module,CLOSED WON,11200.0,Support Add-on,Outreach Sequence,2026-04-17,2026-06-20,2026-06-15,R016
O00698,A0026,Allen-Allen - Support Add-on,Proposal,14100.0,Platform License,Outreach Sequence,2026-05-26,,2026-06-03,R004
O00699,A0074,Smith Montoya and Evans - Professional Services,Proposal Sent,15800.0,Platform License,Referral,2025-12-15,,2025-12-28,R002
O00700,A0098,Walker Ltd - Professional Services,qualification,11600.0,Platform License,LinkedIn Sales Nav,2026-03-01,,2026-08-22,R001
O00701,A0023,Ryan PLC - Data Module,Proposal Sent,12500.0,Support Add-on,,2025-03-06,,2025-03-08,R005
O00702,A0074,Smith Montoya and Evans - Support Add-on,Lost,29400.0,Support Add-on,Inbound Web,2025-08-27,2025-11-12,2025-11-08,R002
O00703,A0105,Chandler-Edwards - Data Module,Qualifying,11000.0,Platform License,ZoomInfo List,2026-03-16,,2026-08-28,R013
O00704,A0073,Turner Riggs and Roman - Data Module,prospecting,6200.0,Data Module,Outreach Sequence,2026-04-01,,2026-04-10,R007
O00705,A0148,NOVAK PLC - Data Module,PROSPECTING,10100.0,Platform License,,2025-04-12,,2026-08-15,R012
O00706,A0125,Gibson Ltd - Professional Services,Prospecting,13900.0,Support Add-on,Referral,2026-04-02,,2026-04-12,R013
O00707,A0002,Martin Group - Platform License,Negotiation,28700.0,Professional Services,Inbound Web,2026-01-26,,2026-08-14,R017
O00708,A0103,White-Estes - Platform License,Closed Lost,21300.0,Data Module,LinkedIn Sales Nav,2026-05-27,2026-08-17,2026-08-12,R017
O00709,A0119,Lewis Kennedy and Santana - Data Module,closed-won,6400.0,Data Module,,2026-05-15,2026-06-01,2026-06-01,R004
O00710,A0158,Chandler-Edwards - Data Module,Negotiation,5600.0,Support Add-on,,2025-11-29,,2025-12-01,R013
O00711,A0009,Baker and Sons - Platform License,Qualification,35700.0,Platform License,Referral,2026-04-21,,2026-08-23,R005
O00712,A0141,Smith-Bowen - Professional Services,PROSPECTING,7500.0,Professional Services,Inbound Web,2025-08-06,,2025-08-19,R010
O00713,A0004,Robinson Nguyen and Tate - Data Module,qualification,6000.0,Support Add-on,,2025-07-15,,2025-07-25,R001
O00714,A0049,Williams PLC - Data Module,Qualification,7000.0,Data Module,Inbound Web,2026-04-19,,2026-08-16,R007
O00715,A0078,Harris-Walters - Professional Services,Negotiating,11300.0,Data Module,,2025-11-30,,2025-12-14,R018
O00716,A0106,Joyce Wilson and Lam - Professional Services,PROSPECTING,24700.0,Data Module,Referral,2025-06-21,,2026-08-11,R009
O00717,A0144,Walker  LLC - Professional Services,Prospect,900.0,Professional Services,,2025-03-12,,2026-08-07,R008
O00718,A0003,Mayo-Bowman - Platform License,CLOSED WON,1100.0,Platform License,Referral,2025-10-28,2026-01-21,2026-01-17,R015
O00719,A0117,Mitchell-Jordan - Support Add-on,Proposal Sent,8800.0,Support Add-on,Referral,2026-05-13,,2026-06-01,R001
O00720,A0044,Powell LLC - Professional Services,Closed Won,28900.0,Professional Services,Inbound Web,2026-06-09,2026-07-18,2026-07-13,R012
O00721,A0127,Hernandez Ltd - Data Module,PROSPECTING,21700.0,Support Add-on,LinkedIn Sales Nav,2026-07-16,,2026-07-31,R009
O00722,A0144,Walker  LLC - Platform License,Qualification,14300.0,Data Module,Referral,2026-02-21,,2026-08-13,R015
O00723,A0066,Edwards Baker and Anderson - Data Module,Prospecting,13600.0,Data Module,LinkedIn Sales Nav,2026-08-13,,2026-08-29,R007
O00724,A0161,RIGGS PLC - Platform License,CLOSED WON,12700.0,Professional Services,Outreach Sequence,2025-08-27,2025-11-22,2025-11-22,R008
O00725,A0149,SANDOVAL-CUNNINGHAM - Professional Services,closed-won,5400.0,Professional Services,Inbound Web,2026-08-15,2026-08-31,2026-08-30,R013
O00726,A0023,Ryan PLC - Professional Services,Prospect,,Professional Services,,2026-02-17,,2026-03-03,R006
O00727,A0141,Smith-Bowen - Professional Services,CLOSED LOST,11700.0,Support Add-on,Referral,2025-06-02,2025-06-17,2025-06-14,R010
O00728,A0073,Turner Riggs and Roman - Data Module,Prospecting,4300.0,Support Add-on,Outreach Sequence,2025-07-26,,2025-08-09,R007
O00729,A0041,Lee-Davis - Data Module,proposal,4400.0,Professional Services,,2025-04-19,,2026-08-13,R001
O00730,A0110,Diaz Inc - Data Module,Proposal Sent,11100.0,Data Module,Outreach Sequence,2026-06-30,,2026-08-15,R010
O00731,A0007,Walter Edwards and Rios - Support Add-on,negotiation,,Professional Services,Inbound Web,2025-04-12,,2025-04-26,R004
O00732,A0092,Johnson-Doyle - Data Module,proposal,11900.0,Professional Services,LinkedIn Sales Nav,2025-09-13,,2025-09-24,R010
O00733,A0120,Jackson Miller and Robertson - Support Add-on,Lost,3700.0,Platform License,,2025-07-28,2025-12-05,2025-12-04,R007
O00734,A0126,Lee Horton and Snyder - Data Module,prospecting,13600.0,Data Module,LinkedIn Sales Nav,2025-04-24,,2025-05-10,R014
O00735,A0160,Bentley Byrd and Orr Inc. - Support Add-on,Qualification,25000.0,Professional Services,ZoomInfo List,2026-01-03,,2026-08-21,R002
O00736,A0144,Walker  LLC - Platform License,Prospecting,7500.0,Professional Services,Inbound Web,2025-04-03,,2025-04-07,R018
O00737,A0123,Hernandez Inc - Professional Services,Lost,10700.0,Platform License,,2025-12-10,2025-12-31,2025-12-27,R010
O00738,A0085,Mckee Gardner and Davenport - Platform License,CLOSED LOST,9100.0,Platform License,Referral,2026-07-11,2026-08-31,2026-08-31,R005
O00739,A0026,Allen-Allen - Support Add-on,Prospecting,36200.0,Data Module,Referral,2026-05-16,,2026-08-21,R009
O00740,A0033,Brooks Lam and Hayes - Professional Services,Closed Won,38900.0,Platform License,ZoomInfo List,2025-04-08,2025-05-27,2025-05-22,R018
O00741,A0015,Ferrell Rice and Maddox - Professional Services,Closed Lost,18600.0,Platform License,LinkedIn Sales Nav,2025-06-08,2025-08-19,2025-08-16,R002
O00742,A0002,Martin Group - Professional Services,CLOSED WON,4400.0,Data Module,ZoomInfo List,2025-08-15,2025-11-25,2025-11-20,R003
O00743,A0145,Chapman  and  Sons - Support Add-on,CLOSED WON,10700.0,Platform License,Inbound Web,2026-04-12,2026-08-04,2026-08-01,R009
O00744,A0024,George Group - Professional Services,Closed Won,20600.0,Data Module,Outreach Sequence,2026-04-04,2026-05-05,2026-05-03,R015
O00745,A0092,Johnson-Doyle - Support Add-on,closed-won,5200.0,Data Module,Inbound Web,2025-07-25,2025-12-29,2025-12-29,R003
O00746,A0024,George Group - Professional Services,Won,16800.0,Data Module,Inbound Web,2025-10-24,2026-01-30,2026-01-30,R001
O00747,A0131,Bryant Group - Professional Services,CLOSED LOST,36300.0,Support Add-on,Outreach Sequence,2026-02-02,2026-05-11,2026-05-06,R011
O00748,A0097,Torres-Pope - Support Add-on,Proposal Sent,4500.0,Professional Services,Outreach Sequence,2026-07-25,,2026-08-09,R016
O00749,A0055,Henderson-Bernard - Support Add-on,proposal,,Professional Services,LinkedIn Sales Nav,2025-03-26,,2025-04-01,R015
O00750,A0162,Simmons  Meadows  and  Griffin - Support Add-on,Closed Lost,13000.0,Platform License,Outreach Sequence,2025-06-25,2025-07-20,2025-07-18,R005
O00751,A0144,Walker  LLC - Professional Services,proposal,3300.0,Professional Services,LinkedIn Sales Nav,2026-04-26,,2026-08-18,R001
O00752,A0006,Morales-Jones - Professional Services,qualification,37300.0,Platform License,LinkedIn Sales Nav,2025-10-29,,2026-08-28,R006
O00753,A0120,Jackson Miller and Robertson - Data Module,Negotiating,22100.0,Platform License,Outreach Sequence,2025-03-21,,2026-08-28,R004
O00754,A0137,Ramirez Strickland and Washington - Data Module,Proposal,13600.0,Data Module,LinkedIn Sales Nav,2026-06-29,,2026-08-18,R017
O00755,A0080,Davis Group - Data Module,Negotiating,23500.0,Professional Services,ZoomInfo List,2025-04-08,,2026-08-17,R014
O00756,A0103,White-Estes - Platform License,Prospect,1500.0,Professional Services,Inbound Web,2025-04-01,,2025-04-18,R016
O00757,A0038,Jones-Young - Platform License,prospecting,34800.0,Data Module,Outreach Sequence,2025-05-04,,2026-08-21,R011
O00758,A0144,Walker  LLC - Support Add-on,Qualifying,20300.0,Support Add-on,LinkedIn Sales Nav,2026-04-30,,2026-05-05,R008
O00759,A0043,Brown Valdez and Lucas - Support Add-on,Proposal,10400.0,Support Add-on,ZoomInfo List,2025-11-03,,2025-11-22,R008
O00760,A0038,Jones-Young - Platform License,CLOSED WON,21100.0,Platform License,Inbound Web,2026-02-25,2026-03-07,2026-03-07,R015
O00761,A0061,Jones Inc - Data Module,negotiation,3900.0,Professional Services,ZoomInfo List,2025-04-26,,2026-08-22,R012
O00762,A0144,Walker  LLC - Support Add-on,Negotiating,19300.0,Platform License,Referral,2025-04-02,,2026-08-28,R010
O00763,A0139,Mitchell Nelson and Flores - Data Module,Proposal Sent,18300.0,Support Add-on,,2025-07-08,,2025-07-10,R010
O00764,A0064,Sandoval-Cunningham - Platform License,Closed Won,6600.0,Professional Services,Referral,2026-06-02,2026-08-29,2026-08-25,R017
O00765,A0141,Smith-Bowen - Professional Services,closed-lost,4900.0,Platform License,LinkedIn Sales Nav,2026-07-08,2026-08-27,2026-08-27,R018
O00766,A0006,Morales-Jones - Support Add-on,qualification,7300.0,Data Module,Referral,2026-02-02,,2026-08-14,R012
O00767,A0005,Perez Inc - Support Add-on,Proposal,86900.0,Data Module,LinkedIn Sales Nav,2026-07-16,,2026-07-22,R004
O00768,A0079,Wagner-King - Support Add-on,Prospecting,5900.0,Platform License,ZoomInfo List,2026-05-30,,2026-08-23,R009
O00769,A0030,Martin Rose and Obrien - Professional Services,closed-lost,1000.0,Platform License,,2025-10-21,2025-11-15,2025-11-11,R016
O00770,A0054,House-Glover - Support Add-on,Qualification,10500.0,Data Module,Outreach Sequence,2026-07-03,,2026-07-17,R017
O00771,A0114,Spencer-Lee - Data Module,qualification,29100.0,Platform License,LinkedIn Sales Nav,2026-07-09,,2026-08-17,R009
O00772,A0112,Cortez LLC - Professional Services,qualification,,Platform License,LinkedIn Sales Nav,2026-06-30,,2026-08-17,R002
O00773,A0128,Stafford Inc - Data Module,qualification,25100.0,Data Module,Outreach Sequence,2026-05-20,,2026-08-28,R003
O00774,A0159,DIAZ INC - Data Module,Qualification,11600.0,Data Module,Outreach Sequence,2025-04-06,,2026-08-27,R005
O00775,A0008,Wilkerson-Day - Data Module,Won,93300.0,Support Add-on,Referral,2026-08-30,2026-08-30,2026-08-30,R008
O00776,A0149,SANDOVAL-CUNNINGHAM - Support Add-on,CLOSED WON,10300.0,Platform License,ZoomInfo List,2025-12-18,2026-03-27,2026-03-22,R005
O00777,A0035,Chapman and Sons - Support Add-on,Qualifying,10800.0,Data Module,ZoomInfo List,2026-06-21,,2026-08-28,R016
O00778,A0150,Suarez LLC Inc. - Data Module,Lost,83000.0,Support Add-on,ZoomInfo List,2025-04-02,2025-07-08,2025-07-03,R009
O00779,A0037,Jones Inc - Professional Services,Qualifying,,Platform License,Referral,2025-10-06,,2026-08-22,R018
O00780,A0002,Martin Group - Data Module,Prospecting,3500.0,Data Module,Referral,2025-05-01,,2026-08-19,R001
O00781,A0125,Gibson Ltd - Platform License,Closed Won,7300.0,Support Add-on,Inbound Web,2026-06-09,2026-08-31,2026-08-26,R005
O00782,A0145,Chapman  and  Sons - Professional Services,proposal,5300.0,Data Module,Outreach Sequence,2025-08-30,,2026-08-29,R002
O00783,A0052,Hancock Inc - Support Add-on,Won,5900.0,Professional Services,ZoomInfo List,2026-01-17,2026-04-28,2026-04-27,R015
O00784,A0153,Mckee  Gardner  and  Davenport - Professional Services,Closed Lost,44500.0,Platform License,ZoomInfo List,2025-04-13,2025-07-03,2025-06-30,R001
O00785,A0051,Russell Group - Professional Services,PROSPECTING,18300.0,Professional Services,Outreach Sequence,2025-07-22,,2026-08-17,R014
O00786,A0156,Gonzalez  Group - Support Add-on,closed-won,2800.0,Professional Services,,2026-04-22,2026-07-07,2026-07-03,R018
O00787,A0127,Hernandez Ltd - Platform License,Lost,25800.0,Support Add-on,Inbound Web,2026-08-08,2026-08-28,2026-08-28,R013
O00788,A0049,Williams PLC - Platform License,qualification,4100.0,Professional Services,Outreach Sequence,2025-07-11,,2026-08-17,R018
O00789,A0132,Schmidt Hansen and Stewart - Support Add-on,CLOSED LOST,40000.0,Platform License,Referral,2025-11-20,2026-02-18,2026-02-18,R016
O00790,A0108,Smith-Frost - Support Add-on,closed-lost,13000.0,Support Add-on,Outreach Sequence,2026-08-06,2026-08-31,2026-08-30,R011
O00791,A0112,Cortez LLC - Support Add-on,Prospect,20700.0,Support Add-on,ZoomInfo List,2026-05-24,,2026-08-14,R006
O00792,A0161,RIGGS PLC - Professional Services,Proposal Sent,1300.0,Platform License,Referral,2026-05-13,,2026-08-22,R011
O00793,A0085,Mckee Gardner and Davenport - Platform License,CLOSED WON,18700.0,Platform License,Inbound Web,2025-06-08,2025-11-13,2025-11-13,R014
O00794,A0045,Wright and Sons - Data Module,Closed Lost,25000.0,Platform License,LinkedIn Sales Nav,2025-10-15,2025-11-26,2025-11-26,R009
O00795,A0143,Brooks  Lam  and  Hayes - Data Module,Prospecting,5700.0,Platform License,Referral,2025-06-15,,2026-08-23,R009
O00796,A0067,Evans Stewart and Walton - Data Module,qualification,,Data Module,Inbound Web,2025-07-07,,2026-08-13,R004
O00797,A0087,Nolan-Flynn - Professional Services,qualification,13300.0,Platform License,Outreach Sequence,2026-05-20,,2026-08-18,R011
O00798,A0142,Spence PLC - Professional Services,Negotiation,14600.0,Support Add-on,LinkedIn Sales Nav,2026-08-19,,2026-08-26,R008
O00799,A0049,Williams PLC - Platform License,proposal,13300.0,Platform License,ZoomInfo List,2025-06-26,,2026-08-25,R002
O00800,A0130,Holmes Williams and Wright - Professional Services,negotiation,5300.0,Professional Services,Inbound Web,2025-10-16,,2026-08-08,R009
O00801,A0012,Snyder Campos and Callahan - Professional Services,Negotiating,22000.0,Platform License,ZoomInfo List,2025-10-19,,2026-09-01,R006
O00802,A0008,Wilkerson-Day - Professional Services,Closed Won,30000.0,Professional Services,Outreach Sequence,2025-03-30,2025-07-26,2025-07-24,R004
O00803,A0129,Robinson-Brock - Support Add-on,Qualifying,18800.0,Support Add-on,Referral,2025-09-16,,2026-08-18,R014
O00804,A0014,Carlson-Cruz - Platform License,Proposal,9300.0,Professional Services,,2025-10-29,,2025-10-31,R017
O00805,A0131,Bryant Group - Data Module,Proposal,5000.0,Professional Services,Inbound Web,2026-01-08,,2026-01-19,R009
O00806,A0020,Baker Mason and White - Platform License,Closed Won,23900.0,Platform License,ZoomInfo List,2026-02-24,2026-06-06,2026-06-06,R015
O00807,A0032,Harris Collins and Carney - Platform License,proposal,10500.0,Professional Services,ZoomInfo List,2025-11-07,,2026-08-08,R009
O00808,A0033,Brooks Lam and Hayes - Professional Services,PROSPECTING,9000.0,Professional Services,ZoomInfo List,2025-11-14,,2026-08-22,R017
O00809,A0127,Hernandez Ltd - Professional Services,PROSPECTING,7600.0,Data Module,,2026-08-09,,2026-09-01,R006
O00810,A0021,Harrell LLC - Support Add-on,Qualification,12500.0,Professional Services,Referral,2026-05-10,,2026-05-18,R004
O00811,A0145,Chapman  and  Sons - Professional Services,Closed Won,36500.0,Professional Services,ZoomInfo List,2025-06-13,2025-07-23,2025-07-22,R003
O00812,A0087,Nolan-Flynn - Professional Services,Won,8600.0,Platform License,Referral,2025-08-09,2026-01-19,2026-01-16,R003
O00813,A0037,Jones Inc - Support Add-on,Won,22900.0,Professional Services,Referral,2026-02-19,2026-04-08,2026-04-06,R004
O00814,A0004,Robinson Nguyen and Tate - Platform License,Qualification,21800.0,Professional Services,Referral,2025-04-18,,2026-08-07,R002
O00815,A0038,Jones-Young - Support Add-on,Won,8200.0,Support Add-on,Referral,2025-07-30,2025-12-14,2025-12-10,R009
O00816,A0134,Simmons Meadows and Griffin - Platform License,CLOSED WON,7900.0,Professional Services,ZoomInfo List,2025-04-24,2025-09-02,2025-08-31,R017
O00817,A0151,Moore-Bass - Data Module,Proposal,26800.0,Professional Services,LinkedIn Sales Nav,2026-02-05,,2026-08-23,R003
O00818,A0009,Baker and Sons - Support Add-on,Proposal,19800.0,Professional Services,Referral,2025-12-14,,2026-08-23,R007
O00819,A0162,Simmons  Meadows  and  Griffin - Data Module,proposal,2300.0,Support Add-on,Inbound Web,2026-07-20,,2026-08-04,R016
O00820,A0066,Edwards Baker and Anderson - Platform License,Qualification,28900.0,Support Add-on,Outreach Sequence,2025-10-11,,2025-10-19,R016
O00821,A0064,Sandoval-Cunningham - Platform License,Closed Won,43800.0,Support Add-on,Outreach Sequence,2025-11-03,2026-01-22,2026-01-21,R017
O00822,A0071,Suarez LLC - Support Add-on,qualification,4600.0,Professional Services,,2026-02-07,,2026-02-17,R007
O00823,A0025,Rodriguez LLC - Support Add-on,Lost,16200.0,Data Module,Inbound Web,2026-04-12,2026-04-24,2026-04-22,R012
O00824,A0079,Wagner-King - Professional Services,proposal,12100.0,Professional Services,,2026-08-19,,2026-08-28,R017
O00825,A0042,Gomez-Jenkins - Data Module,proposal,7900.0,Support Add-on,Outreach Sequence,2026-01-29,,2026-08-15,R012
O00826,A0058,Daniels Adkins and Brown - Platform License,CLOSED WON,28400.0,Support Add-on,ZoomInfo List,2025-10-15,2026-02-08,2026-02-07,R016
O00827,A0147,Russell  Group - Data Module,qualification,2900.0,Data Module,,2026-04-22,,2026-05-04,R015
O00828,A0001,Jones Reid and Ferguson - Platform License,Won,,Professional Services,ZoomInfo List,2025-07-14,2025-10-15,2025-10-11,R007
O00829,A0108,Smith-Frost - Data Module,negotiation,6200.0,Professional Services,Inbound Web,2025-09-27,,2026-08-14,R011
O00830,A0001,Jones Reid and Ferguson - Data Module,Proposal,14200.0,Support Add-on,Outreach Sequence,2026-06-27,,2026-08-22,R016
O00831,A0046,West Henderson and Ramirez - Professional Services,prospecting,6400.0,Professional Services,Outreach Sequence,2026-03-09,,2026-03-29,R015
O00832,A0161,RIGGS PLC - Platform License,Qualification,6600.0,Support Add-on,Referral,2025-08-01,,2025-08-18,R015
O00833,A0042,Gomez-Jenkins - Data Module,Prospect,6900.0,Data Module,,2026-08-20,,2026-08-29,R001
O00834,A0054,House-Glover - Data Module,Proposal,20600.0,Professional Services,Referral,2026-06-22,,2026-06-29,R009
O00835,A0089,Wright Garcia and Deleon - Platform License,negotiation,8700.0,Professional Services,Inbound Web,2025-10-18,,2026-08-18,R003
O00836,A0032,Harris Collins and Carney - Data Module,closed-won,20500.0,Data Module,Referral,2026-06-27,2026-08-29,2026-08-25,R010
O00837,A0082,Walsh LLC - Support Add-on,Won,7800.0,Data Module,Referral,2026-07-22,2026-08-28,2026-08-26,R006
O00838,A0073,Turner Riggs and Roman - Data Module,Proposal,9700.0,Professional Services,,2026-03-05,,2026-08-09,R017
O00839,A0101,May-Ross - Support Add-on,Proposal,19000.0,Platform License,,2026-05-26,,2026-06-01,R004
O00840,A0052,Hancock Inc - Platform License,CLOSED LOST,5300.0,Platform License,Referral,2026-01-21,2026-06-21,2026-06-21,R003
O00841,A0081,Williams-Cook - Platform License,Proposal,31800.0,Platform License,,2025-10-02,,2025-10-19,R009
O00842,A0020,Baker Mason and White - Platform License,proposal,20100.0,Support Add-on,Outreach Sequence,2025-05-16,,2026-08-26,R001
O00843,A0113,Parker Ortiz and Powell - Professional Services,qualification,10900.0,Data Module,ZoomInfo List,2026-04-14,,2026-08-18,R011
O00844,A0153,Mckee  Gardner  and  Davenport - Professional Services,closed-won,35800.0,Support Add-on,Outreach Sequence,2025-05-06,2025-06-28,2025-06-28,R004
O00845,A0015,Ferrell Rice and Maddox - Professional Services,Prospecting,16000.0,Professional Services,,2025-07-27,,2026-08-28,R004
O00846,A0037,Jones Inc - Platform License,closed-lost,22000.0,Data Module,,2026-07-27,2026-08-31,2026-08-26,R008
O00847,A0014,Carlson-Cruz - Professional Services,proposal,2600.0,Support Add-on,ZoomInfo List,2025-10-20,,2025-11-02,R006
O00848,A0149,SANDOVAL-CUNNINGHAM - Professional Services,Prospect,12900.0,Platform License,ZoomInfo List,2026-02-08,,2026-02-09,R012
O00849,A0138,Hill Inc - Platform License,closed-won,23400.0,Support Add-on,LinkedIn Sales Nav,2026-05-25,2026-07-16,2026-07-16,R012
O00850,A0043,Brown Valdez and Lucas - Professional Services,negotiation,6000.0,Platform License,LinkedIn Sales Nav,2026-02-18,,2026-08-19,R003
O00851,A0079,Wagner-King - Data Module,Prospect,18200.0,Professional Services,Outreach Sequence,2025-10-04,,2026-09-01,R005
O00852,A0080,Davis Group - Data Module,Negotiating,13400.0,Platform License,,2025-11-19,,2025-11-26,R004
O00853,A0008,Wilkerson-Day - Professional Services,Qualification,16200.0,Support Add-on,ZoomInfo List,2026-03-09,,2026-08-12,R011
O00854,A0056,Stanley Tucker and Lee - Data Module,CLOSED LOST,,Data Module,Referral,2025-10-10,2025-11-06,2025-11-04,R009
O00855,A0146,Jones-Young Incorporated - Platform License,proposal,,Support Add-on,ZoomInfo List,2026-01-05,,2026-08-25,R008
O00856,A0103,White-Estes - Support Add-on,Closed Won,28100.0,Professional Services,ZoomInfo List,2025-06-19,2025-07-14,2025-07-13,R007
O00857,A0146,Jones-Young Incorporated - Data Module,Qualification,10100.0,Support Add-on,ZoomInfo List,2025-08-12,,2025-09-01,R005
O00858,A0057,Novak PLC - Support Add-on,Qualification,7000.0,Platform License,ZoomInfo List,2025-11-20,,2026-08-19,R010
O00859,A0119,Lewis Kennedy and Santana - Professional Services,Qualification,10300.0,Data Module,Referral,2025-09-26,,2026-08-11,R007
O00860,A0014,Carlson-Cruz - Professional Services,qualification,7500.0,Platform License,,2025-10-06,,2025-10-22,R007
O00861,A0025,Rodriguez LLC - Professional Services,closed-lost,8600.0,Professional Services,Referral,2026-04-09,2026-05-12,2026-05-11,R018
O00862,A0106,Joyce Wilson and Lam - Professional Services,Proposal Sent,94900.0,Professional Services,LinkedIn Sales Nav,2026-06-12,,2026-06-19,R004
O00863,A0083,Figueroa PLC - Support Add-on,negotiation,3300.0,Data Module,Inbound Web,2025-11-12,,2025-11-28,R006
O00864,A0035,Chapman and Sons - Professional Services,Proposal Sent,6400.0,Data Module,Outreach Sequence,2026-03-13,,2026-08-09,R005
O00865,A0056,Stanley Tucker and Lee - Professional Services,Proposal,35600.0,Professional Services,LinkedIn Sales Nav,2025-08-06,,2026-08-23,R011
O00866,A0098,Walker Ltd - Platform License,Proposal Sent,9800.0,Support Add-on,ZoomInfo List,2025-08-07,,2025-08-25,R003
O00867,A0077,Campbell-Clark - Support Add-on,Qualification,4300.0,Data Module,Inbound Web,2025-05-08,,2025-05-25,R001
O00868,A0005,Perez Inc - Platform License,Lost,3100.0,Data Module,Outreach Sequence,2025-07-02,2025-10-18,2025-10-15,R009
O00869,A0024,George Group - Support Add-on,proposal,15000.0,Data Module,,2026-04-26,,2026-05-10,R001
O00870,A0084,Patterson Smith and Jones - Data Module,CLOSED WON,17100.0,Platform License,LinkedIn Sales Nav,2025-08-19,2025-12-15,2025-12-10,R001
O00871,A0136,Green-Wright - Professional Services,closed-won,4500.0,Support Add-on,ZoomInfo List,2026-08-03,2026-08-27,2026-08-24,R005
O00872,A0146,Jones-Young Incorporated - Platform License,Prospecting,9900.0,Professional Services,Inbound Web,2026-03-19,,2026-08-20,R013
O00873,A0107,Scott Ltd - Data Module,Won,7000.0,Support Add-on,,2026-03-15,2026-06-10,2026-06-06,R012
O00874,A0097,Torres-Pope - Support Add-on,Closed Won,10500.0,Professional Services,LinkedIn Sales Nav,2025-07-06,2025-08-12,2025-08-07,R008
O00875,A0129,Robinson-Brock - Data Module,CLOSED LOST,24500.0,Platform License,Outreach Sequence,2026-01-29,2026-04-27,2026-04-27,R010
O00876,A0013,Burton Ltd - Data Module,CLOSED WON,35400.0,Professional Services,ZoomInfo List,2026-06-21,2026-08-28,2026-08-23,R001
O00877,A0013,Burton Ltd - Platform License,Qualification,5300.0,Data Module,Referral,2025-08-13,,2025-08-19,R008
O00878,A0117,Mitchell-Jordan - Support Add-on,Qualification,1700.0,Data Module,Inbound Web,2026-01-26,,2026-08-07,R003
O00879,A0117,Mitchell-Jordan - Platform License,closed-won,9800.0,Support Add-on,Outreach Sequence,2026-05-12,2026-06-11,2026-06-09,R005
O00880,A0068,Smith PLC - Platform License,prospecting,9700.0,Platform License,LinkedIn Sales Nav,2025-09-15,,2026-08-11,R015
O00881,A0064,Sandoval-Cunningham - Data Module,Negotiation,17800.0,Support Add-on,Inbound Web,2026-08-24,,2026-09-10,R002
O00882,A0092,Johnson-Doyle - Support Add-on,CLOSED WON,13200.0,Support Add-on,ZoomInfo List,2025-05-04,2025-08-08,2025-08-06,R018
O00883,A0043,Brown Valdez and Lucas - Platform License,Negotiating,21700.0,Platform License,Inbound Web,2025-08-27,,2026-08-21,R014
O00884,A0110,Diaz Inc - Support Add-on,closed-won,4900.0,Professional Services,LinkedIn Sales Nav,2025-07-16,2025-08-01,2025-07-28,R001
O00885,A0152,Williams-Cook - Professional Services,negotiation,14100.0,Platform License,,2025-05-26,,2026-08-16,R014
O00886,A0022,Romero Gonzalez and Brooks - Data Module,PROSPECTING,33200.0,Professional Services,Referral,2025-10-06,,2026-08-07,R017
O00887,A0041,Lee-Davis - Data Module,proposal,6200.0,Platform License,,2025-04-22,,2026-08-21,R011
O00888,A0086,Tran Jordan and Williams - Platform License,Qualification,20300.0,Professional Services,Inbound Web,2025-08-02,,2026-08-16,R011
O00889,A0118,Lawson Morris and Ramos - Data Module,qualification,28400.0,Platform License,Inbound Web,2026-06-03,,2026-08-18,R002
O00890,A0019,Smith-Bowen - Platform License,Qualification,6000.0,Data Module,,2025-12-28,,2026-08-11,R017
O00891,A0155,Shields Cochran and Adams - Support Add-on,PROSPECTING,11400.0,Data Module,,2026-08-02,,2026-08-08,R009
O00892,A0139,Mitchell Nelson and Flores - Support Add-on,negotiation,17800.0,Professional Services,Referral,2026-04-27,,2026-08-17,R010
O00893,A0008,Wilkerson-Day - Data Module,Negotiating,20800.0,Data Module,ZoomInfo List,2026-06-26,,2026-08-09,R017
O00894,A0150,Suarez LLC Inc. - Professional Services,Qualifying,14500.0,Platform License,Referral,2026-01-15,,2026-01-18,R009
O00895,A0077,Campbell-Clark - Support Add-on,PROSPECTING,14500.0,Platform License,Referral,2025-08-20,,2026-08-14,R006
O00896,A0150,Suarez LLC Inc. - Professional Services,CLOSED WON,3100.0,Professional Services,Outreach Sequence,2026-02-18,2026-05-20,2026-05-18,R018
O00897,A0117,Mitchell-Jordan - Data Module,Prospect,6900.0,Data Module,ZoomInfo List,2025-07-23,,2025-08-02,R002
O00898,A0161,RIGGS PLC - Platform License,Prospecting,14400.0,Support Add-on,,2025-11-14,,2026-08-23,R013
O00899,A0012,Snyder Campos and Callahan - Platform License,Negotiation,34300.0,Support Add-on,ZoomInfo List,2025-04-29,,2026-08-10,R017
O00900,A0063,Sanchez Wheeler and Harvey - Data Module,closed-won,13900.0,Support Add-on,,2026-01-28,2026-02-20,2026-02-19,R006
